PARAMETERS	4	12.0	6.0	4	0	-24.93906459493
#OMEGA	VALUE
-9.42477796076938	3.39868695229395e-05	0.001551803371559357
-9.415348468062257	3.40291731468767e-05	0.0015714267518075475
-9.405918975355133	3.407155623080804e-05	0.0015914801499798958
-9.396489482648011	3.4114018975905935e-05	0.0016119770625595553
-9.387059989940887	3.4156561582010525e-05	0.0016329315362570984
-9.377630497233765	3.419918425096036e-05	0.0016543581955861253
-9.368201004526641	3.424188718459398e-05	0.0016762722720773393
-9.35877151181952	3.4284670585860155e-05	0.0016986896352479963
-9.349342019112395	3.4327534657485614e-05	0.0017216268254476308
-9.339912526405273	3.437047960375139e-05	0.0017451010887066243
-9.33048303369815	3.44135056298267e-05	0.0017691304137390507
-9.321053540991027	3.445661293999258e-05	0.0017937335712465696
-9.311624048283903	3.449980174075051e-05	0.0018189301556894577
-9.302194555576781	3.4543072238379935e-05	0.00184474062970863
-9.292765062869659	3.45864246407146e-05	0.0018711863713898325
-9.283335570162535	3.462985915470007e-05	0.0018982897245827246
-9.273906077455413	3.467337598972442e-05	0.0019260740525011144
-9.264476584748289	3.471697535406548e-05	0.0019545637948559236
-9.255047092041167	3.476065745888768e-05	0.0019837845287868916
-9.245617599334043	3.480442251357907e-05	0.0020137630338898926
-9.236188106626921	3.4848270729748165e-05	0.002044527361652948
-9.226758613919797	3.489220231944756e-05	0.0020761069096559837
-9.217329121212675	3.493621749517395e-05	0.0021085325009020384
-9.207899628505551	3.498031647031219e-05	0.0021418364687022518
-9.198470135798429	3.502449945869124e-05	0.0021760527475551683
-9.189040643091305	3.506876667458414e-05	0.002211216970520624
-9.179611150384183	3.511311833381825e-05	0.0022473665736175708
-9.17018165767706	3.515755465244297e-05	0.0022845409078373624
-9.160752164969937	3.5202075846951786e-05	0.002322781359416548
-9.151322672262815	3.5246682134504326e-05	0.0023621314790717163
-9.14189317955569	3.529137373359248e-05	0.002402637120975548
-9.132463686848569	3.533615086248609e-05	0.002444346592319846
-9.123034194141445	3.538101374123137e-05	0.0024873108144010114
-9.113604701434323	3.542596259009656e-05	0.0025315834962622574
-9.104175208727199	3.5470997629794e-05	0.0025772213220189855
-9.094745716020077	3.55161190819242e-05	0.002624284153122991
-9.085316223312953	3.5561327168975865e-05	0.0026728352469420624
-9.07588673060583	3.560662211388177e-05	0.002722941493186193
-9.066457237898707	3.5652004140240834e-05	0.002774673669862393
-9.057027745191585	3.569747347320629e-05	0.002828106720631496
-9.047598252484462	3.5743030337265225e-05	0.0028833200556431793
-9.038168759777339	3.5788674958903144e-05	0.002940397878149481
-9.028739267070216	3.5834407564827586e-05	0.002999429539457199
-9.019309774363093	3.588022838241223e-05	0.003060509925075783
-9.00988028165597	3.592613763991892e-05	0.0031237398752301804
-9.000450788948847	3.597213556605361e-05	0.0031892266432933525
-8.991021296241724	3.6018222390410415e-05	0.0032570843960934015
-8.9815918035346	3.606439834413777e-05	0.0033274347605416477
-8.972162310827478	3.6110663657495934e-05	0.0034004074215419067
-8.962732818120354	3.6157018562521515e-05	0.0034761407767733843
-8.953303325413232	3.620346329280544e-05	0.0035547826546038497
-8.94387383270611	3.624999808060636e-05	0.0036364911022113144
-8.934444339998986	3.6296623161291564e-05	0.003721435251858418
-8.925014847291864	3.6343338768674016e-05	0.0038097962743239844
-8.91558535458474	3.639014513923122e-05	0.003901768429648955
-8.906155861877618	3.643704250944069e-05	0.003997560226733365
-8.896726369170494	3.6484031116224e-05	0.004097395704849016
-8.887296876463372	3.6531111198057076e-05	0.004201515851954163
-8.877867383756248	3.6578282993637856e-05	0.004310180176743117
-8.868437891049126	3.6625546742108384e-05	0.0044236684537688475
-8.859008398342002	3.66729026846091e-05	0.004542282663753561
-8.84957890563488	3.67203510620584e-05	0.004666349154415883
-8.840149412927756	3.6767892116706946e-05	0.004796221050908045
-8.830719920220634	3.6815526090805406e-05	0.0049322809493270725
-8.82129042751351	3.68632532283808e-05	0.0050749439318923395
-8.811860934806388	3.6911073773460146e-05	0.005224660948384807
-8.802431442099266	3.6958987971402735e-05	0.00538192261550452
-8.793001949392142	3.700699606845603e-05	0.00554726349412582
-8.78357245668502	3.705509831153364e-05	0.005721266914254786
-8.774142963977896	3.710329494754916e-05	0.005904570429149492
-8.764713471270774	3.715158622585868e-05	0.006097871993892667
-8.75528397856365	3.7199972394930114e-05	0.006301936980214973
-8.745854485856528	3.724845370545182e-05	0.006517606159062939
-8.736424993149404	3.7297030408112164e-05	0.006745804806049915
-8.726995500442282	3.7345702754487675e-05	0.006987553113356637
-8.717566007735158	3.739447099793125e-05	0.007243978125942796
-8.708136515028036	3.744333539068556e-05	0.007516327461489669
-8.698707022320914	3.749229618832395e-05	0.007805985123963355
-8.68927752961379	3.754135364508748e-05	0.008114489782272583
-8.679848036906668	3.7590508017437685e-05	0.008443555960875315
-8.670418544199544	3.763975956161403e-05	0.0087950986818639
-8.660989051492422	3.768910853563234e-05	0.009171262212411158
-8.651559558785298	3.773855519839664e-05	0.009574453713206199
-8.642130066078176	3.778809980903297e-05	0.010007382759944727
-8.632700573371052	3.7837742627333526e-05	0.010473107930564995
-8.62327108066393	3.788748391531094e-05	0.01097509192809043
-8.613841587956806	3.793732393408966e-05	0.011517267058866243
-8.604412095249684	3.798726294745869e-05	0.012104113329920452
-8.59498260254256	3.803730121831883e-05	0.01274075199544178
-8.585553109835438	3.8087439012235436e-05	0.013433058108422213
-8.576123617128314	3.813767659366363e-05	0.014187796569778865
-8.566694124421192	3.818801422994511e-05	0.015012787381429082
-8.55726463171407	3.82384521879775e-05	0.015917107393823016
-8.547835139006946	3.8288990736212725e-05	0.0169113379174749
-8.538405646299823	3.83396301435468e-05	0.018007870313919594
-8.5289761535927	3.8390370679985963e-05	0.019221285331268767
-8.519546660885577	3.844121261664668e-05	0.020568826831880216
-8.510117168178454	3.849215622531155e-05	0.02207099713330174
-8.500687675471331	3.854320177865134e-05	0.023752310091143314
-8.491258182764208	3.859434955089114e-05	0.02564225019748989
-8.481828690057085	3.8645599815589904e-05	0.02777650262409903
-8.472399197349961	3.869695284919317e-05	0.03019854209914752
-8.46296970464284	3.874840892770237e-05	0.03296170028394252
-8.453540211935717	3.879996832889532e-05	0.03613187540006202
-8.444110719228593	3.885163133077185e-05	0.039791108980767764
-8.434681226521471	3.890339821244204e-05	0.04404233893277565
-8.425251733814347	3.895526925479231e-05	0.049015752884164154
-8.415822241107225	3.9007244738487046e-05	0.05487731785294381
-8.406392748400101	3.905932494596698e-05	0.06184025262305992
-8.39696325569298	3.911151016033898e-05	0.07018041868387714
-8.387533762985855	3.916380066493197e-05	0.080256758030393
-8.378104270278733	3.921619674596144e-05	0.09253777861754886
-8.36867477757161	3.926869868831062e-05	0.10763409914893973
-8.359245284864487	3.9321306779527276e-05	0.1263337942635142
-8.349815792157365	3.937402130738121e-05	0.14962846445242606
-8.340386299450241	3.942684256119655e-05	0.17869669641456254
-8.330956806743117	3.947977083029741e-05	0.2147655971453971
-8.321527314035995	3.9532806406006316e-05	0.25868760932474844
-8.312097821328873	3.9585949579645785e-05	0.3099735053488508
-8.302668328621749	3.963920064475879e-05	0.36510392428291016
-8.293238835914627	3.969255989488829e-05	0.4157303010604271
-8.283809343207503	3.9746027625575664e-05	0.449186818642618
-8.274379850500381	3.97996041314741e-05	0.4541670531787839
-8.264950357793257	3.98532897107895e-05	0.42880508774765913
-8.255520865086135	3.990708466061754e-05	0.38222102622697596
-8.246091372379011	3.996098928027436e-05	0.3275186853667852
-8.236661879671889	4.001500386952017e-05	0.2746451489492929
-8.227232386964765	4.0069128729891546e-05	0.2284656687869111
-8.217802894257643	4.012336416292506e-05	0.19019836940794432
-8.20837340155052	4.017771047215568e-05	0.15927067246506843
-8.198943908843397	4.023216796156248e-05	0.13450722561922768
-8.189514416136275	4.028673693579066e-05	0.11469100298566448
-8.18008492342915	4.034141770214994e-05	0.09876769811389419
-8.170655430722029	4.0396210567061885e-05	0.08588848520948977
-8.161225938014905	4.045111583939054e-05	0.07539207671837078
-8.151796445307783	4.0506133828444035e-05	0.06677030795476702
-8.142366952600659	4.056126484464073e-05	0.05963412310967864
-8.132937459893537	4.0616509199731254e-05	0.0536851312896921
-8.123507967186413	4.0671867206354406e-05	0.0486933875975778
-8.11407847447929	4.0727339177815125e-05	0.0444805696675038
-8.104648981772169	4.0782925429638794e-05	0.040907413903461975
-8.095219489065045	4.08386262773508e-05	0.03786437612990601
-8.08578999635792	4.0894442038252876e-05	0.035264685690497455
-8.076360503650799	4.09503730303129e-05	0.03303916202757762
-8.066931010943676	4.1006419572608976e-05	0.03113232717517922
-8.057501518236553	4.106258198555146e-05	0.02949947338978487
-8.04807202552943	4.111886059110503e-05	0.028104438170093005
-8.038642532822307	4.1175255711012326e-05	0.026917906598856622
-8.029213040115184	4.123176766968051e-05	0.025916109850738223
-8.01978354740806	4.1288396791960835e-05	0.025079824020603936
-8.010354054700938	4.1345143403148654e-05	0.02439359899023885
-8.000924561993815	4.14020078309818e-05	0.02384516566510919
-7.991495069286692	4.1458990403642204e-05	0.023424983581825987
-7.982065576579569	4.1516091450644055e-05	0.02312590104411283
-7.972636083872446	4.157331130194564e-05	0.022942907617162445
-7.963206591165323	4.163065029039181e-05	0.02287296474027234
-7.9537770984582	4.168810874793927e-05	0.022914904953392434
-7.944347605751077	4.1745687008543086e-05	0.023069394190950554
-7.934918113043954	4.18033854083788e-05	0.023338955108362258
-7.925488620336832	4.1861204283177855e-05	0.023728052757789664
-7.916059127629708	4.1919143970892137e-05	0.02424324738783512
-7.906629634922586	4.197720480991762e-05	0.024893422986328573
-7.897200142215463	4.2035387140204605e-05	0.02569010473676603
-7.88777064950834	4.209369130392382e-05	0.026647884214412332
-7.878341156801217	4.215211764235782e-05	0.027784978426013685
-7.868911664094094	4.2210666499231664e-05	0.0291239583975893
-7.859482171386971	4.226933822004675e-05	0.030692695902797884
-7.850052678679848	4.2328133150526526e-05	0.032525594444492656
-7.840623185972725	4.2387051637726714e-05	0.03466519463573481
-7.831193693265602	4.244609403070143e-05	0.03716427729993199
-7.821764200558479	4.250526067828275e-05	0.04008863354877401
-7.812334707851356	4.256455193196729e-05	0.043520734688500484
-7.802905215144234	4.262396814436187e-05	0.04756462232220027
-7.79347572243711	4.268350966807333e-05	0.05235245769485697
-7.784046229729988	4.274317685859508e-05	0.05805332534796914
-7.774616737022865	4.2802970071642576e-05	0.06488507839020585
-7.765187244315742	4.286288966448559e-05	0.07313021591661095
-7.755757751608619	4.2922935995726164e-05	0.08315690553960575
-7.746328258901496	4.2983109425298593e-05	0.09544604429269388
-7.736898766194373	4.3043410313581276e-05	0.11062401689494372
-7.72746927348725	4.310383902406123e-05	0.12949693713302513
-7.718039780780127	4.316439591955934e-05	0.15307195714973054
-7.708610288073004	4.3225081365561024e-05	0.1825270752723478
-7.699180795365881	4.3285895727995793e-05	0.21903986885229287
-7.689751302658758	4.334683937479156e-05	0.2632973937917793
-7.680321809951636	4.3407912674764404e-05	0.3144248151369551
-7.670892317244512	4.3469115998284735e-05	0.3682270631200524
-7.66146282453739	4.353044971661113e-05	0.4156022290541951
-7.652033331830267	4.3591914202778526e-05	0.443815078967672
-7.642603839123144	4.3653509831598214e-05	0.4429412365586822
-7.633174346416021	4.371523697788149e-05	0.41328605594258394
-7.623744853708898	4.377709601910418e-05	0.3651309154070628
-7.614315361001775	4.3839087332964155e-05	0.31113809905896583
-7.604885868294652	4.390121130004587e-05	0.2601474151106524
-7.595456375587529	4.396346830115583e-05	0.2161337890568883
-7.586026882880406	4.40258587179887e-05	0.17985287820052354
-7.576597390173283	4.408838293534778e-05	0.15057170172635126
-7.56716789746616	4.415104133759229e-05	0.1271038939740432
-7.5577384047590375	4.4213834311968014e-05	0.10827731570484556
-7.548308912051914	4.427676224594279e-05	0.09309458425158379
-7.538879419344791	4.4339825529426946e-05	0.08075899768602102
-7.529449926637668	4.4403024553218984e-05	0.07065190207281624
-7.520020433930545	4.446635970900559e-05	0.062298296645472595
-7.510590941223422	4.4529831391137975e-05	0.055334311208636855
-7.501161448516299	4.4593439993967365e-05	0.049480459378664854
-7.491731955809176	4.465718591450951e-05	0.044520900258607776
-7.482302463102053	4.472106955089039e-05	0.04028778742581918
-7.47287297039493	4.478509130212416e-05	0.03664959341972218
-7.463443477687807	4.4849251569445414e-05	0.03350242875525766
-7.454013984980684	4.491355075519898e-05	0.030763578503207656
-7.444584492273561	4.497798926283991e-05	0.028366670100617664
-7.435154999566439	4.5042567498043695e-05	0.026258040013883432
-7.425725506859315	4.5107285867374e-05	0.024393983705645828
-7.416296014152193	4.517214477939291e-05	0.022738659384445414
-7.406866521445069	4.523714464332862e-05	0.02126247845501772
-7.397437028737947	4.530228587085183e-05	0.019940860635869306
-7.388007536030824	4.536756887474347e-05	0.0187532641800906
-7.378578043323701	4.543299406911672e-05	0.017682425084866615
-7.369148550616578	4.5498561870083165e-05	0.016713756176070405
-7.359719057909455	4.556427269442054e-05	0.015834869342332025
-7.350289565202332	4.5630126961571094e-05	0.015035193271618175
-7.340860072495209	4.569612509186527e-05	0.014305665737864404
-7.331430579788087	4.5762267507631904e-05	0.013638484453212252
-7.322001087080963	4.5828554631199836e-05	0.01302690421204189
-7.312571594373841	4.589498688911675e-05	0.012465070842415216
-7.303142101666717	4.596156470704216e-05	0.011947884590832625
-7.293712608959595	4.602828851374419e-05	0.011470887172721156
-7.284283116252471	4.6095158738657105e-05	0.011030167951574299
-7.274853623545349	4.6162175813435624e-05	0.010622285657752473
-7.265424130838226	4.622934017128877e-05	0.010244202792705437
-7.255994638131103	4.629665224675783e-05	0.009893230436937017
-7.24656514542398	4.636411247571637e-05	0.009566981628697846
-7.237135652716857	4.643172129625839e-05	0.0092633318337223
-7.227706160009734	4.649947914825425e-05	0.008980385306065264
-7.218276667302611	4.65673864724625e-05	0.00871644636261526
-7.208847174595489	4.6635443711418034e-05	0.008469994771703737
-7.199417681888365	4.670365131009824e-05	0.008239664599009044
-7.189988189181243	4.677200971436868e-05	0.008024225969128551
-7.180558696474119	4.6840519371649236e-05	0.007822569294408055
-7.171129203766997	4.690918073180228e-05	0.007633691598470271
-7.161699711059874	4.69779942458004e-05	0.0074566846237733575
-7.152270218352751	4.70469603666146e-05	0.007290724463255849
-7.142840725645628	4.711607954810404e-05	0.0071350624978585575
-7.133411232938505	4.7185352246792434e-05	0.006989017456142221
-7.123981740231382	4.7254778920979845e-05	0.006851968440758194
-7.114552247524259	4.732436002985452e-05	0.006723348790224293
-7.105122754817136	4.739409603438105e-05	0.006602640664238768
-7.095693262110013	4.746398739841062e-05	0.006489370257281024
-7.0862637694028905	4.7534034586682594e-05	0.006383103559130854
-7.076834276695767	4.760423806526859e-05	0.006283442592589061
-7.0674047839886445	4.7674598302682725e-05	0.006190022068543577
-7.057975291281521	4.7745115768771385e-05	0.006102506406845842
-7.0485457985743984	4.781579093626753e-05	0.006020587078520601
-7.039116305867275	4.788662427768209e-05	0.005943980230864732
-7.029686813160152	4.795761626930073e-05	0.005872424562088696
-7.020257320453029	4.8028767388075266e-05	0.005805679416559961
-7.010827827745906	4.810007811273387e-05	0.0057435230754390165
-7.001398335038783	4.817154892489128e-05	0.00568575122074666
-6.99196884233166	4.824318030660635e-05	0.00563217555365203
-6.982539349624537	4.831497274238039e-05	0.005582622550187599
-6.973109856917414	4.838692671871314e-05	0.0055369323396536885
-6.963680364210292	4.8459042723436596e-05	0.005494957692779856
-6.954250871503168	4.853132124726933e-05	0.005456563108257484
-6.944821378796046	4.8603762782262194e-05	0.005421623987627022
-6.935391886088922	4.8676367820910116e-05	0.005390025889677297
-6.9259623933818	4.874913686037097e-05	0.005361663856554344
-6.916532900674677	4.8822070397136486e-05	0.005336441804672631
-6.907103407967554	4.8895168931473165e-05	0.005314271974333984
-6.897673915260431	4.8968432964313635e-05	0.005295074432637437
-6.888244422553308	4.904186299881097e-05	0.005278776624897397
-6.878814929846185	4.911545954033869e-05	0.005265312970320402
-6.869385437139062	4.918922309626872e-05	0.0052546244981810375
-6.859955944431939	4.926315417552729e-05	0.005246658521157244
-6.850526451724816	4.933725328903904e-05	0.00524136834287936
-6.841096959017694	4.941152094950496e-05	0.005238712997073236
-6.83166746631057	4.9485957672956715e-05	0.005238657015993242
-6.822237973603448	4.9560563975425964e-05	0.005241170226114922
-6.812808480896324	4.963534037583095e-05	0.005246227569296158
-6.803378988189202	4.971028739575445e-05	0.005253808947850658
-6.793949495482079	4.9785405558111506e-05	0.0052638990921789475
-6.784520002774956	4.986069538692739e-05	0.005276487449782152
-6.775090510067833	4.993615741022417e-05	0.005291568094664578
-6.76566101736071	5.0011792156468005e-05	0.0053091396562923165
-6.756231524653587	5.008760015723368e-05	0.005329205267410542
-6.746802031946464	5.0163581945206204e-05	0.005351772530180154
-6.737372539239342	5.023973805573512e-05	0.005376853500215439
-6.727943046532218	5.031606902594632e-05	0.005404464688232302
-6.718513553825096	5.0392575395186157e-05	0.005434627079148768
-6.709084061117972	5.046925770546551e-05	0.005467366168588228
-6.69965456841085	5.054611649946139e-05	0.005502712016858702
-6.690225075703726	5.0623152323625575e-05	0.0055406993206059685
-6.680795582996604	5.070036572529801e-05	0.0055813675024458664
-6.671366090289481	5.077775725492728e-05	0.00562476081900698
-6.661936597582358	5.085532746385013e-05	0.0056709284879461475
-6.652507104875235	5.09330769062899e-05	0.005719924834611589
-6.643077612168112	5.1011006139356496e-05	0.005771809459184096
-6.633648119460989	5.108911572127006e-05	0.005826647425246412
-6.624218626753866	5.116740621247118e-05	0.005884509470902577
-6.6147891340467435	5.124587817650905e-05	0.005945472243714667
-6.60535964133962	5.1324532178043114e-05	0.006009618560906871
-6.5959301486324975	5.140336878439733e-05	0.006077037696468612
-6.586500655925374	5.1482388565338155e-05	0.006147825697002451
-6.5770711632182515	5.156159209263045e-05	0.006222085728366578
-6.567641670511128	5.164097994025951e-05	0.006299928455429926
-6.5582121778040054	5.172055268487519e-05	0.0063814724575053106
-6.548782685096882	5.1800310904681623e-05	0.006466844682333495
-6.539353192389759	5.188025518076955e-05	0.006556180941815093
-6.529923699682636	5.196038609600606e-05	0.006649626453050672
-6.520494206975513	5.204070423658891e-05	0.0067473364286525506
-6.51106471426839	5.2121210189381983e-05	0.006849476720742764
-6.501635221561267	5.220190454480189e-05	0.006956224523554155
-6.492205728854145	5.228278789548568e-05	0.0070677691401093146
-6.482776236147021	5.23638608365129e-05	0.00718431281908849
-6.473346743439899	5.244512396385126e-05	0.00730607166869679
-6.463917250732775	5.2526577878353464e-05	0.007433276655143262
-6.454487758025653	5.260822318109426e-05	0.00756617469423726
-6.445058265318529	5.269006047647906e-05	0.007705029845613831
-6.435628772611407	5.277209037113373e-05	0.00785012462025847
-6.426199279904284	5.285431347412661e-05	0.008001761413272357
-6.416769787197161	5.29367303971906e-05	0.008160264075314672
-6.407340294490038	5.301934175405698e-05	0.008325979637809233
-6.397910801782915	5.310214816134362e-05	0.008499280208909665
-6.388481309075792	5.318515023766679e-05	0.008680565059387746
-6.379051816368669	5.326834860408525e-05	0.008870262920083638
-6.369622323661547	5.335174388498842e-05	0.009068834515382429
-6.360192830954423	5.34353367065421e-05	0.009276775360453016
-6.350763338247301	5.351912769757661e-05	0.009494618853693737
-6.341333845540177	5.360311748892066e-05	0.009722939700148148
-6.331904352833055	5.3687306714955696e-05	0.009962357706599256
-6.322474860125931	5.37716960122836e-05	0.010213541994784414
-6.313045367418809	5.385628601906056e-05	0.010477215685812835
-6.303615874711686	5.394107737721754e-05	0.010754161116565797
-6.294186382004563	5.402607073112797e-05	0.01104522565781707
-6.28475688929744	5.41112667276078e-05	0.011351328214267653
-6.275327396590317	5.4196666015249306e-05	0.011673466498880458
-6.265897903883194	5.4282269246419546e-05	0.012012725188218942
-6.256468411176071	5.436807707570601e-05	0.012370285082268895
-6.247038918468949	5.4454090160360735e-05	0.01274743341200324
-6.237609425761825	5.454030915963415e-05	0.013145575461279257
-6.228179933054703	5.4626734737217575e-05	0.013566247697283984
-6.218750440347579	5.471336755746847e-05	0.014011132636517099
-6.209320947640457	5.480020828851906e-05	0.014482075712326292
-6.199891454933333	5.4887257601166084e-05	0.014981104456594396
-6.190461962226211	5.4974516168426746e-05	0.01551045036395382
-6.181032469519088	5.506198466664891e-05	0.0160725738739258
-6.171602976811965	5.514966377440089e-05	0.016670192987149113
-6.162173484104842	5.523755417358167e-05	0.017306316129520383
-6.152743991397719	5.532565654853272e-05	0.017984279996622332
-6.143314498690596	5.541397158648209e-05	0.018707793255156924
-6.133885005983473	5.550249997710033e-05	0.019480987154605778
-6.1244555132763505	5.55912424131666e-05	0.020308474318918135
-6.115026020569227	5.5680199590790735e-05	0.021195417254933124
-6.1055965278621045	5.5769372208303025e-05	0.022147608444447187
-6.096167035154981	5.585876096692033e-05	0.023171564297218117
-6.0867375424478585	5.5948366570524044e-05	0.024274635754379714
-6.077308049740735	5.603818972677033e-05	0.025465138974088086
-6.0678785570336125	5.6128231145313734e-05	0.026752510340501523
-6.058449064326489	5.621849153913949e-05	0.028147491062012975
-6.049019571619366	5.630897162411941e-05	0.029662347929019672
-6.039590078912243	5.639967211901187e-05	0.03131113847050759
-6.03016058620512	5.6490593745905926e-05	0.03311003089607034
-6.020731093497997	5.658173722888904e-05	0.03507769198852251
-6.011301600790874	5.667310329648956e-05	0.03723575972855708
-6.001872108083752	5.676469267879014e-05	0.03960942216800234
-5.992442615376628	5.6856506109426164e-05	0.04222813030671069
-5.983013122669506	5.694854432580776e-05	0.04512648099922156
-5.973583629962382	5.7040808068009596e-05	0.04834531695397093
-5.96415413725526	5.7133298077660655e-05	0.0519331057098773
-5.954724644548137	5.722601510194103e-05	0.055947679509496195
-5.945295151841014	5.731895988958513e-05	0.06045844523836941
-5.935865659133891	5.741213319243599e-05	0.06554921088852517
-5.926436166426768	5.750553576611139e-05	0.07132182630665951
-5.917006673719645	5.759916836933776e-05	0.07790090689321594
-5.907577181012522	5.769303176350604e-05	0.0854400072205328
-5.898147688305399	5.778712671311581e-05	0.0941297479235581
-5.888718195598276	5.788145398688549e-05	0.10420858786107878
-5.879288702891154	5.797601435530986e-05	0.11597719202656243
-5.86985921018403	5.8070808592880496e-05	0.12981769262081744
-5.860429717476908	5.816583747808579e-05	0.14621958705188476
-5.851000224769784	5.826110179096844e-05	0.1658145408022056
-5.841570732062662	5.8356602315789985e-05	0.18942284597558845
-5.832141239355539	5.845233984058673e-05	0.21811435025870196
-5.822711746648416	5.854831515583747e-05	0.2532852946336366
-5.813282253941293	5.864452905535167e-05	0.2967471284038039
-5.80385276123417	5.874098233760172e-05	0.35080799072781854
-5.794423268527047	5.883767580194821e-05	0.4182889469253679
-5.784993775819924	5.8934610253968955e-05	0.5023296329925726
-5.775564283112801	5.903178650012997e-05	0.6056654112574584
-5.766134790405678	5.9129205352448366e-05	0.7288033190585184
-5.756705297698556	5.922686762449558e-05	0.8664460673541425
-5.747275804991432	5.932477413428394e-05	1.0026007392384444
-5.73784631228431	5.9422925703600527e-05	1.1085372034522694
-5.728416819577186	5.9521323157119e-05	1.1516799988116888
-5.718987326870064	5.961996732284369e-05	1.1160054768514431
-5.709557834162941	5.971885903233165e-05	1.0149220806303862
-5.700128341455818	5.98179991220249e-05	0.8803787530413345
-5.690698848748695	5.991738842947569e-05	0.7420993831161198
-5.681269356041572	6.001702779823148e-05	0.6173252689632704
-5.671839863334449	6.011691807383812e-05	0.5121693247167803
-5.662410370627326	6.021706010561623e-05	0.42649750180089874
-5.652980877920203	6.031745474754935e-05	0.35768646497896395
-5.64355138521308	6.0418102856507616e-05	0.3025919139754618
-5.6341218925059575	6.0519005292469785e-05	0.25834847760814106
-5.624692399798834	6.0620162920521636e-05	0.22259757151153514
-5.6152629070917115	6.072157660774735e-05	0.19348315623031076
-5.605833414384588	6.082324722633814e-05	0.16957311003258102
-5.5964039216774655	6.092517565181588e-05	0.14976990039797755
-5.5869744289703425	6.102736276303311e-05	0.13323227894915846
-5.5775449362632195	6.112980944306123e-05	0.11931283814143345
-5.5681154435560964	6.123251657896844e-05	0.10751027431655569
-5.558685950848973	6.133548506070952e-05	0.09743358739163455
-5.54925645814185	6.143871578334625e-05	0.08877543235258645
-5.539826965434727	6.154220964482704e-05	0.0812923029427457
-5.530397472727605	6.164596754687501e-05	0.07478975577078084
-5.520967980020481	6.174999039654239e-05	0.06911133873724462
-5.511538487313359	6.185427910287977e-05	0.06413024397786637
-5.502108994606235	6.195883458004481e-05	0.05974297175007237
-5.492679501899113	6.206365774619194e-05	0.05586448625965401
-5.483250009191989	6.216874952258422e-05	0.05242448517557485
-5.473820516484867	6.227411083514767e-05	0.049364506040603606
-5.464391023777744	6.237974261424917e-05	0.04663566595529822
-5.454961531070621	6.248564579358629e-05	0.04419688383483655
-5.445532038363498	6.259182131085339e-05	0.042013472985848566
-5.436102545656375	6.269827010818574e-05	0.040056019833587087
-5.426673052949252	6.280499313149335e-05	0.038299485265267386
-5.417243560242129	6.291199133134917e-05	0.03672248031434333
-5.407814067535006	6.301926566254501e-05	0.035306679266810415
-5.398384574827883	6.312681708275925e-05	0.034036341777959445
-5.38895508212076	6.323464655544342e-05	0.032897922002772306
-5.379525589413638	6.334275504737974e-05	0.031879747611541
-5.370096096706515	6.345114352956926e-05	0.03097175528100915
-5.360666603999392	6.355981297789803e-05	0.030165272110112218
-5.351237111292269	6.36687643718048e-05	0.02945283462127435
-5.341807618585146	6.377799869561329e-05	0.02882803873079831
-5.332378125878023	6.38875169378661e-05	0.028285415422476312
-5.3229486331709	6.39973200906585e-05	0.027820327925032085
-5.313519140463777	6.410740915185897e-05	0.027428887042797
-5.304089647756654	6.421778512244458e-05	0.027107881970467984
-5.294660155049531	6.432844900872148e-05	0.026854724475615654
-5.285230662342408	6.443940182077057e-05	0.02666740478669971
-5.275801169635285	6.455064457377979e-05	0.026544457903130647
-5.266371676928162	6.466217828737797e-05	0.026484939366084648
-5.25694218422104	6.47740039845246e-05	0.026488409809422242
-5.247512691513917	6.488612269417438e-05	0.026554927861828892
-5.238083198806794	6.499853544905676e-05	0.026685051205135535
-5.228653706099671	6.511124328700824e-05	0.026879845819494097
-5.219224213392548	6.522424725030618e-05	0.027140903673141037
-5.209794720685425	6.533754838500272e-05	0.02747036935231928
-5.200365227978302	6.545114774358929e-05	0.027870976385664936
-5.190935735271179	6.556504638144389e-05	0.02834609430833468
-5.181506242564056	6.567924535993974e-05	0.02889978784762537
-5.172076749856933	6.57937457446689e-05	0.029536890009826733
-5.16264725714981	6.590854860544226e-05	0.030263091327476288
-5.153217764442687	6.602365501806595e-05	0.03108504811210344
-5.143788271735564	6.613906606212083e-05	0.03201051328221616
-5.1343587790284415	6.625478282273889e-05	0.033048494241341375
-5.1249292863213185	6.6370806389493e-05	0.03420944342098786
-5.1154997936141955	6.648713785661897e-05	0.035505488550362285
-5.1060703009070725	6.660377832456987e-05	0.036950711564154304
-5.0966408081999495	6.67207288964633e-05	0.0385614874393867
-5.0872113154928265	6.683799068274432e-05	0.04035689733430825
-5.0777818227857034	6.695556479763276e-05	0.04235923441942502
-5.06835233007858	6.707345236089957e-05	0.0445946260606489
-5.058922837371457	6.719165449631248e-05	0.0470938029725777
-5.049493344664334	6.731017233363445e-05	0.04989305520689069
-5.040063851957211	6.742900700817955e-05	0.053035427210362474
-5.030634359250088	6.754815965948069e-05	0.05657222084161562
-5.021204866542965	6.766763143239984e-05	0.06056489780474417
-5.011775373835843	6.778742347712807e-05	0.06508750373234329
-5.00234588112872	6.790753694940754e-05	0.07022977835838484
-4.992916388421597	6.802797301008745e-05	0.07610117440909214
-4.983486895714474	6.814873282467993e-05	0.08283608838115852
-4.974057403007351	6.826981756447026e-05	0.09060071811003467
-4.964627910300228	6.839122840673895e-05	0.09960211694249488
-4.955198417593105	6.851296653298533e-05	0.1101002279678358
-4.945768924885982	6.863503313070396e-05	0.1224239725063756
-4.936339432178859	6.875742939271845e-05	0.13699285186293209
-4.926909939471736	6.888015651718149e-05	0.15434600219310213
-4.917480446764613	6.900321570846302e-05	0.1751811690702364
-4.90805095405749	6.912660817537386e-05	0.20040644434182764
-4.898621461350368	6.925033513272005e-05	0.2312072595686262
-4.889191968643245	6.937439780130283e-05	0.26912856383875383
-4.879762475936122	6.949879740680842e-05	0.3161636870135974
-4.870332983228999	6.962353518158437e-05	0.3748187411862378
-4.860903490521876	6.97486123621971e-05	0.44806692630097145
-4.851473997814753	6.987403019209637e-05	0.5389895865151317
-4.84204450510763	6.999978992006106e-05	0.6496887118170027
-4.832615012400507	7.012589280108728e-05	0.7788154819391668
-4.823185519693384	7.025234009527814e-05	0.9172862435281516
-4.813756026986261	7.0379133068732e-05	1.0437999315186195
-4.804326534279138	7.050627299332035e-05	1.126356080097781
-4.794897041572015	7.063376114779807e-05	1.1368318978718979
-4.785467548864892	7.076159881580502e-05	1.0712040367261328
-4.77603805615777	7.088978728675421e-05	0.9528829057077014
-4.766608563450647	7.101832785738615e-05	0.8148152600955259
-4.757179070743524	7.114722182888222e-05	0.681747234601429
-4.747749578036401	7.127647050975128e-05	0.565660711212507
-4.738320085329278	7.140607521383124e-05	0.469472696906447
-4.728890592622155	7.153603726184343e-05	0.3916822080486446
-4.719461099915032	7.166635797961618e-05	0.32931778947097734
-4.710031607207909	7.17970387003053e-05	0.2793219896522986
-4.700602114500786	7.19280807626177e-05	0.23905220555974493
-4.691172621793663	7.205948551125552e-05	0.20638279203408727
-4.68174312908654	7.219125429824835e-05	0.17965812969443373
-4.672313636379417	7.232338848162101e-05	0.1576057417086032
-4.662884143672294	7.24558894249494e-05	0.1392509341857564
-4.6534546509651715	7.258875849913693e-05	0.12384556827970294
-4.6440251582580485	7.272199708130422e-05	0.11081247019802165
-4.6345956655509255	7.285560655501122e-05	0.0997033525720058
-4.6251661728438025	7.298958831025715e-05	0.09016738792251744
-4.6157366801366795	7.31239437443687e-05	0.08192783911554391
-4.6063071874295565	7.325867425933552e-05	0.07476466735982346
-4.5968776947224335	7.339378126669516e-05	0.068501539845223
-4.5874482020153105	7.352926618153788e-05	0.06299607040729704
-4.578018709308187	7.366513042850187e-05	0.0581324409088364
-4.568589216601064	7.38013754366662e-05	0.053815783272487705
-4.559159723893941	7.393800264332562e-05	0.04996787092980559
-4.549730231186818	7.407501349288026e-05	0.046523790328186876
-4.540300738479695	7.421240943461527e-05	0.043429350973574254
-4.530871245772573	7.43501919273637e-05	0.04063905589300154
-4.52144175306545	7.448836243462154e-05	0.038114500338378376
-4.512012260358327	7.462692242832247e-05	0.03582309999711486
-4.502582767651204	7.476587338728358e-05	0.03373707446194518
-4.493153274944081	7.490521679631712e-05	0.031832629750591535
-4.483723782236958	7.504495414867307e-05	0.030089297038544904
-4.474294289529835	7.518508694448478e-05	0.028489394746062602
-4.464864796822712	7.532561669010285e-05	0.02701758861355974
-4.455435304115589	7.546654490053761e-05	0.025660530062632914
-4.446005811408466	7.560787309723871e-05	0.024406557446843502
-4.436576318701343	7.57496028087612e-05	0.023245448092082732
-4.42714682599422	7.58917355714317e-05	0.02216821156325821
-4.417717333287097	7.603427292934839e-05	0.021166916558300164
-4.408287840579975	7.617721643349284e-05	0.02023454535987157
-4.398858347872852	7.632056764284023e-05	0.01936487097245454
-4.389428855165729	7.646432812347115e-05	0.018552353014756884
-4.379999362458606	7.660849944879367e-05	0.017792049182680625
-4.370569869751483	7.675308320020946e-05	0.017079539690527445
-4.36114037704436	7.689808096777995e-05	0.016410862571254126
-4.351710884337237	7.704349434756175e-05	0.015782458096201823
-4.342281391630114	7.718932494427122e-05	0.0151911208806077
-4.332851898922991	7.733557437017424e-05	0.014633958488778243
-4.323422406215868	7.748224424619643e-05	0.014108355553966279
-4.313992913508745	7.762933619992474e-05	0.013611942592122506
-4.304563420801622	7.777685186760586e-05	0.013142568823097944
-4.295133928094499	7.792479289370213e-05	0.012698278423366238
-4.285704435387377	7.807316093000338e-05	0.0122772897254817
-4.276274942680254	7.822195763673712e-05	0.011877976954946745
-4.266845449973131	7.837118468301263e-05	0.0114988541578247
-4.257415957266008	7.852084374460055e-05	0.011138561024662819
-4.247986464558885	7.867093650726353e-05	0.010795850359948789
-4.238556971851762	7.882146466298146e-05	0.010469576982906625
-4.229127479144639	7.897242991439235e-05	0.010158687876231864
-4.219697986437516	7.912383397079559e-05	0.009862213425308797
-4.210268493730393	7.927567855037232e-05	0.009579259612405577
-4.20083900102327	7.942796538018548e-05	0.009309001048945609
-4.191409508316147	7.958069619551367e-05	0.00905067474477761
-4.181980015609024	7.973387274051724e-05	0.008803574526845104
-4.1725505229019015	7.988749676712814e-05	0.008567046031175085
-4.1631210301947785	8.004157003749235e-05	0.008340482201963928
-4.1536915374876555	8.019609432063923e-05	0.008123319240010751
-4.1442620447805325	8.03510713962563e-05	0.007915032950025491
-4.1348325520734095	8.050650305135854e-05	0.007715135442615484
-4.1254030593662865	8.066239108273088e-05	0.00752317215218401
-4.1159735666591635	8.081873729604006e-05	0.007338719136667171
-4.1065440739520405	8.097554350539049e-05	0.007161380629104208
-4.0971145812449175	8.113281153487861e-05	0.006990786814583982
-4.087685088537794	8.129054321703855e-05	0.006826591809186766
-4.078255595830671	8.144874039395233e-05	0.006668471820237221
-4.068826103123548	8.160740491613971e-05	0.006516123469522128
-4.059396610416425	8.176653864455652e-05	0.006369262263204112
-4.049967117709303	8.192614344881832e-05	0.006227621193944044
-4.04053762500218	8.208622120786657e-05	0.006090949462352446
-4.031108132295057	8.224677381041268e-05	0.00595901130626908
-4.021678639587934	8.240780315493801e-05	0.005831584927608269
-4.012249146880811	8.256931114858368e-05	0.005708461507591522
-4.002819654173688	8.273129970937099e-05	0.005589444302141144
-3.9933901614665652	8.289377076375892e-05	0.005474347810074276
-3.983960668759442	8.305672624864258e-05	0.005362997007470671
-3.974531176052319	8.322016811046495e-05	0.005255226642269184
-3.965101683345196	8.338409830588311e-05	0.005150880583739248
-3.955672190638073	8.354851880110203e-05	0.005049811222000322
-3.94624269793095	8.371343157320688e-05	0.004951878913236563
-3.936813205223827	8.387883860749845e-05	0.004856951466676085
-3.927383712516705	8.404474190126798e-05	0.0047649036697761105
-3.917954219809582	8.421114346113256e-05	0.004675616848398567
-3.908524727102459	8.43780453037013e-05	0.004588978459056037
-3.899095234395336	8.454544945668552e-05	0.004504881710586162
-3.889665741688213	8.471335795778856e-05	0.004423225212841331
-3.88023624898109	8.488177285426168e-05	0.004343912650224047
-3.870806756273967	8.50506962055686e-05	0.0042668524780642425
-3.861377263566844	8.52201300800548e-05	0.0041919576400406555
-3.851947770859721	8.53900765580562e-05	0.004119145304983363
-3.842518278152598	8.556053772967864e-05	0.004048336621563564
-3.833088785445475	8.573151569635229e-05	0.003979456489481725
-3.823659292738352	8.590301257016542e-05	0.003912433345905297
-3.814229800031229	8.607503047386444e-05	0.003847198966000498
-3.804800307324107	8.62475715406319e-05	0.003783688276506325
-3.795370814616984	8.642063791675092e-05	0.003721839181377362
-3.7859413219098608	8.659423175694236e-05	0.003661592398620961
-3.7765118292027378	8.67683552290277e-05	0.003602891307502132
-3.7670823364956147	8.694301051170861e-05	0.0035456818053773986
-3.7576528437884917	8.711819979367874e-05	0.0034899121734641714
-3.7482233510813687	8.729392527695445e-05	0.003435532950917475
-3.7387938583742457	8.74701891735441e-05	0.0033824968166233926
-3.7293643656671227	8.764699370811257e-05	0.0033307584781832045
-3.7199348729599997	8.782434111576087e-05	0.0032802745675819533
-3.7105053802528767	8.80022336435804e-05	0.0032310035430889172
-3.7010758875457537	8.818067355154113e-05	0.003182905596969432
-3.6916463948386316	8.835966310982712e-05	0.0031359425686099396
-3.6822169021315085	8.8539204601501e-05	0.0030900778627067638
-3.6727874094243855	8.87193003211717e-05	0.0030452763721733334
-3.6633579167172625	8.889995257543859e-05	0.003001504405459654
-3.6539284240101395	8.908116368377961e-05	0.0029587296180002554
-3.6444989313030165	8.926293597699697e-05	0.0029169209475232716
-3.6350694385958935	8.94452717983274e-05	0.002876048552967525
-3.6256399458887705	8.962817350366414e-05	0.0028360837567886765
-3.6162104531816475	8.981164346155701e-05	0.002796998990433508
-3.6067809604745245	8.999568405165803e-05	0.002758767742785606
-3.5973514677674014	9.018029766827418e-05	0.0027213645114019247
-3.5879219750602784	9.036548671659261e-05	0.0026847647563651433
-3.5784924823531554	9.055125361601135e-05	0.0026489448565920615
-3.5690629896460333	9.073760079725268e-05	0.002613882068453144
-3.5596334969389103	9.09245307054718e-05	0.002579554486558777
-3.5502040042317873	9.111204579759224e-05	0.0025459410065868937
-3.5407745115246643	9.13001485445264e-05	0.002513021290031503
-3.5313450188175413	9.14888414296211e-05	0.0024807757307554468
-3.5219155261104182	9.167812695021205e-05	0.0024491854232462362
-3.5124860334032952	9.186800761606939e-05	0.002418232132475495
-3.5030565406961722	9.205848595139621e-05	0.002387898265265642
-3.493627047989049	9.22495644930521e-05	0.0023581668430854297
-3.484197555281926	9.244124579210755e-05	0.0023290214761864103
-3.474768062574803	9.263353241273364e-05	0.0023004463390081664
-3.46533856986768	9.282642693375642e-05	0.0022724261467834683
-3.455909077160557	9.301993194710256e-05	0.0022449461332711973
-3.446479584453435	9.321405005824346e-05	0.0022179920295586353
-3.437050091746312	9.340878388819362e-05	0.002191550043876722
-3.427620599039189	9.360413607084617e-05	0.002165606842367218
-3.418191106332066	9.380010925497118e-05	0.0021401495307582508
-3.408761613624943	9.399670610310551e-05	0.0021151656368898486
-3.39933212091782	9.419392929266301e-05	0.0020906430940543785
-3.389902628210697	9.439178151526839e-05	0.002066570225101927
-3.380473135503574	9.459026547720129e-05	0.0020429357272726545
-3.371043642796451	9.478938390006242e-05	0.0020197286577194884
-3.361614150089328	9.498913951944132e-05	0.001996938419683403
-3.352184657382205	9.518953508558248e-05	0.0019745547492882043
-3.342755164675082	9.53905733653837e-05	0.0019525677029239574
-3.333325671967959	9.55922571386214e-05	0.0019309676451877422
-3.323896179260837	9.579458920239148e-05	0.0019097452373566526
-3.314466686553714	9.599757236689044e-05	0.0018888914263612833
-3.305037193846591	9.620120945985633e-05	0.0018683974342410536
-3.2956077011394678	9.64055033234601e-05	0.00184825474805006
-3.2861782084323448	9.661045681497171e-05	0.0018284551101999114
-3.2767487157252218	9.681607280787041e-05	0.0018089905092102398
-3.2673192230180987	9.702235419251082e-05	0.0017898531708528953
-3.2578897303109757	9.722930387323636e-05	0.0017710355496660668
-3.2484602376038527	9.7436924771932e-05	0.0017525303208250076
-3.2390307448967297	9.764521982535967e-05	0.0017343303723498238
-3.2296012521896067	9.785419198826695e-05	0.0017164287976350057
-3.2201717594824837	9.806384422961223e-05	0.0016988188882844923
-3.2107422667753607	9.827417953633955e-05	0.0016814941272398354
-3.2013127740682386	9.848520091115809e-05	0.001664448182185252
-3.1918832813611155	9.869691137431857e-05	0.001647674899221796
-3.1824537886539925	9.890931396228098e-05	0.001631168296791552
-3.1730242959468695	9.912241172771452e-05	0.0016149225598447448
-3.1635948032397465	9.933620774194019e-05	0.0015989320342377766
-3.1541653105326235	9.955070509182207e-05	0.001583191221351532
-3.1447358178255005	9.976590688243192e-05	0.0015676947729204027
-3.1353063251183775	9.998181623593894e-05	0.0015524374860629298
-3.1258768324112545	0.00010019843629183178	0.0015374142985031813
-3.1164473397041315	0.0001004157702073627	0.00152262028397665
-3.1070178469970084	0.00010063382115732544	0.0015080506478115652
-3.0975883542898854	0.00010085259233516553	0.001493700722678959
-3.0881588615827624	0.00010107208695053771	0.0014795659645019388
-3.0787293688756403	0.00010129230823352486	0.0014656419485199468
-3.0692998761685173	0.00010151325943019707	0.0014519243654989022
-3.0598703834613943	0.00010173494380616432	0.001438409018083453
-3.0504408907542713	0.0001019573646452443	0.0014250918172831195
-3.0410113980471483	0.00010218052524968435	0.0014119687790887792
-3.0315819053400253	0.00010240442894082769	0.0013990360212099429
-3.0221524126329022	0.0001026290790584472	0.0013862897599352664
-3.0127229199257792	0.00010285447896141164	0.0013737263071023076
-3.003293427218656	0.00010308063202835172	0.001361342067178306
-2.993863934511533	0.00010330754165543965	0.0013491335344451016
-2.98443444180441	0.00010353521125971987	0.0013370972902855272
-2.975004949097287	0.00010376364427755469	0.0013252300005615059
-2.965575456390165	0.0001039928441641802	0.0013135284130907365
-2.956145963683042	0.00010422281439503855	0.0013019893552066453
-2.946716470975919	0.00010445355846600002	0.0012906097314056009
-2.937286978268796	0.00010468507989203069	0.0012793865210747324
-2.927857485561673	0.00010491738220896885	0.0012683167762999048
-2.91842799285455	0.00010515046897285885	0.0012573976197476355
-2.908998500147427	0.00010538434375928496	0.001246626242616955
-2.899569007440304	0.00010561901016625797	0.0012359999026665403
-2.890139514733181	0.00010585447181021834	0.0012255159223020229
-2.880710022026058	0.00010609073233092126	0.0012151716867332407
-2.871280529318935	0.00010632779538788384	0.0012049646421887772
-2.861851036611812	0.00010656566466127337	0.0011948922941924511
-2.852421543904689	0.0001068043438534616	0.00118495220589665
-2.842992051197567	0.00010704383668858064	0.0011751419964687315
-2.833562558490444	0.0001072841469111907	0.001165459339532049
-2.824133065783321	0.00010752527828894465	0.0011559019616589339
-2.814703573076198	0.00010776723461014548	0.001146467640909643
-2.8052740803690748	0.00010801001968663293	0.0011371542054197104
-2.7958445876619518	0.00010825363735134097	0.0011279595320339286
-2.7864150949548288	0.00010849809146051825	0.0011188815449834077
-2.7769856022477057	0.00010874338589150767	0.001109918214602601
-2.7675561095405827	0.00010898952454607702	0.0011010675560916283
-2.7581266168334597	0.00010923651134819856	0.0010923276283125727
-2.7486971241263367	0.0001094843502444931	0.0010836965326264103
-2.7392676314192137	0.00010973304520511817	0.0010751724117665784
-2.7298381387120907	0.00010998260022421213	0.0010667534487458497
-2.7204086460049686	0.00011023301931789575	0.0010584378657989557
-2.7109791532978456	0.00011048430652826902	0.0010502239233547428
-2.7015496605907225	0.00011073646591897024	0.0010421099190445204
-2.6921201678835995	0.00011098950157961696	0.0010340941867363895
-2.6826906751764765	0.00011124341762247525	0.0010261750955999904
-2.6732611824693535	0.00011149821818534633	0.0010183510492025594
-2.6638316897622305	0.00011175390743001223	0.0010106204846274114
-2.6544021970551075	0.00011201048954334603	0.0010029818716219552
-2.6449727043479845	0.00011226796873731182	0.000995433711771021
-2.6355432116408615	0.00011252634924807658	0.0009879745376928373
-2.6261137189337385	0.00011278563533800856	0.0009806029122616522
-2.6166842262266155	0.00011304583129478907	0.0009733174278505619
-2.6072547335194924	0.00011330694143141251	0.0009661167055974307
-2.5978252408123703	0.00011356897008707456	0.0009589993946932385
-2.5883957481052473	0.00011383192162672806	0.0009519641716904115
-2.5789662553981243	0.00011409580044219325	0.0009450097398293611
-2.5695367626910013	0.00011436061095060346	0.0009381348283890034
-2.5601072699838783	0.00011462635759618145	0.0009313381920499353
-2.5506777772767553	0.00011489304485046148	0.0009246186102815912
-2.5412482845696323	0.00011516067721206724	0.0009179748867413906
-2.5318187918625092	0.00011542925920515756	0.0009114058486969778
-2.5223892991553862	0.0001156987953834232	0.0009049103464573438
-2.5129598064482632	0.00011596929032653414	0.0008984872528283727
-2.50353031374114	0.00011624074864324818	0.0008921354625750499
-2.494100821034017	0.0001165131749694126	0.0008858538919060965
-2.484671328326895	0.00011678657396885228	0.0008796414779679296
-2.475241835619772	0.00011706095033514607	0.0008734971783537215
-2.465812342912649	0.00011733630878940637	0.0008674199706284469
-2.456382850205526	0.00011761265408161137	0.0008614088518630325
-2.446953357498403	0.00011788999099149322	0.0008554628381842733
-2.43752386479128	0.00011816832432720581	0.0008495809643360719
-2.428094372084157	0.00011844765892643494	0.0008437622832511149
-2.418664879377034	0.00011872799965750858	0.0008380058656358713
-2.409235386669911	0.00011900935141806457	0.0008323107995664714
-2.399805893962788	0.00011929171913571679	0.0008266761900950215
-2.390376401255665	0.00011957510776849922	0.0008211011588661332
-2.380946908548542	0.0001198595223055321	0.0008155848437434443
-2.371517415841419	0.00012014496776568961	0.0008101263984476859
-2.362087923134297	0.00012043144920070858	0.000804724992201189
-2.352658430427174	0.00012071897169185775	0.0007993798093863802
-2.343228937720051	0.00012100754035238026	0.0007940900492071634
-2.333799445012928	0.00012129716032815985	0.0007888549253640686
-2.324369952305805	0.00012158783679594443	0.0007836736657358401
-2.3149404595986818	0.00012187957496512247	0.0007785455120696838
-2.3055109668915588	0.00012217238007838915	0.0007734697196777329
-2.2960814741844358	0.00012246625740974793	0.0007684455571441706
-2.2866519814773127	0.00012276121226695302	0.0007634723060387927
-2.2772224887701897	0.00012305724999150947	0.000758549260635677
-2.2677929960630667	0.00012335437595711873	0.0007536757276416228
-2.2583635033559437	0.00012365259557234332	0.000748851025931252
-2.2489340106488207	0.0001239519142790524	0.000744074486286328
-2.2395045179416986	0.00012425233755331	0.000739345451144624
-2.2300750252345756	0.00012455387090692938	0.0007346632743541193
-2.2206455325274526	0.0001248565198848084	0.0007300273209311925
-2.2112160398203295	0.0001251602900680382	0.0007254369668272531
-2.2017865471132065	0.00012546518707257093	0.0007208915987018116
-2.1923570544060835	0.00012577121655010792	0.0007163906136973264
-2.1829275616989605	0.00012607838418787765	0.0007119334192220439
-2.1734980689918375	0.00012638669570974592	0.000707519432741277
-2.1640685762847145	0.00012669615687510571	0.0007031480815651303
-2.1546390835775915	0.00012700677348154166	0.0006988188026513242
-2.1452095908704685	0.00012731855136216552	0.0006945310424060214
-2.1357800981633455	0.00012763149638828075	0.0006902842564917577
-2.1263506054562225	0.00012794561446782815	0.0006860779096384828
-2.1169211127491003	0.00012826091154782837	0.0006819114754632594
-2.1074916200419773	0.00012857739361216147	0.0006777844362881869
-2.0980621273348543	0.0001288950666840094	0.000673696282968983
-2.0886326346277313	0.00012921393682496785	0.0006696465147209008
-2.0792031419206083	0.00012953401013593435	0.0006656346389544154
-2.0697736492134853	0.0001298552927562202	0.0006616601711124659
-2.0603441565063623	0.0001301777908659929	0.0006577226345114706
-2.0509146637992393	0.00013050151068494387	0.0006538215601841202
-2.0414851710921162	0.0001308264584725105	0.0006499564867319396
-2.0320556783849932	0.0001311526405292085	0.0006461269601736319
-2.0226261856778702	0.0001314800631968538	0.0006423325338007491
-2.013196692970747	0.00013180873285723038	0.0006385727680393583
-2.003767200263624	0.00013213865593542096	0.0006348472303077113
-1.994337707556502	0.00013246983889647623	0.000631155494883906
-1.984908214849379	0.00013280228824896767	0.0006274971427744358
-1.975478722142256	0.0001331360105440993	0.0006238717615827394
-1.966049229435133	0.0001334710123748195	0.0006202789453846336
-1.95661973672801	0.0001338073003782636	0.0006167182946059668
-1.947190244020887	0.00013414488123486557	0.0006131894159002726
-1.937760751313764	0.00013448376166880216	0.0006096919220330843
-1.928331258606641	0.00013482394844888113	0.0006062254317640292
-1.918901765899518	0.00013516544838787503	0.0006027895697371388
-1.909472273192395	0.00013550826834474172	0.0005993839663689382
-1.900042780485272	0.00013585241522218183	0.0005960082577409764
-1.890613287778149	0.00013619789596952536	0.0005926620854956877
-1.881183795071026	0.00013654471758250963	0.0005893450967306979
-1.8717543023639038	0.00013689288710239111	0.0005860569439013474
-1.8623248096567808	0.00013724241161749973	0.0005827972847203267
-1.8528953169496578	0.00013759329826434907	0.0005795657820595324
-1.8434658242425348	0.0001379455542249719	0.0005763621038601396
-1.8340363315354118	0.00013829918673113895	0.0005731859230351244
-1.8246068388282888	0.00013865420306280463	0.0005700369173828879
-1.8151773461211658	0.00013901061054766295	0.0005669147694973287
-1.8057478534140428	0.00013936841656292387	0.000563819166679913
-1.7963183607069197	0.00013972762853575738	0.0005607498008568523
-1.7868888679997967	0.0001400882539428494	0.0005577063684958361
-1.7774593752926737	0.00014045030031151207	0.0005546885705243199
-1.7680298825855507	0.00014081377521968363	0.0005516961122502551
-1.7586003898784286	0.00014117868629592856	0.0005487287032837074
-1.7491708971713056	0.0001415450412212138	0.0005457860574615836
-1.7397414044641826	0.00014191284772824275	0.0005428678927730246
-1.7303119117570596	0.00014228211360189924	0.0005399739312854646
-1.7208824190499366	0.00014265284668013578	0.0005371038990729105
-1.7114529263428135	0.0001430250548537515	0.0005342575261473304
-1.7020234336356905	0.00014339874606861258	0.0005314345463895975
-1.6925939409285675	0.0001437739283227657	0.0005286346974804346
-1.6831644482214445	0.0001441506096708789	0.0005258577208371307
-1.6737349555143215	0.00014452879822091091	0.0005231033615469283
-1.6643054628071985	0.00014490850213744189	0.0005203713683055167
-1.6548759701000755	0.00014528972964122921	0.0005176614933537493
-1.6454464773929525	0.00014567248900854146	0.0005149734924174698
-1.6360169846858303	0.00014605678857382287	0.0005123071246488919
-1.6265874919787073	0.00014644263672725089	0.0005096621525666478
-1.6171579992715843	0.0001468300419185109	0.0005070383419996105
-1.6077285065644613	0.00014721901265435378	0.0005044354620311609
-1.5982990138573383	0.00014760955750170446	0.0005018532849441204
-1.5888695211502153	0.00014800168508610767	0.0004992915861670166
-1.5794400284430923	0.0001483954040926161	0.0004967501442205702
-1.5700105357359693	0.00014879072326690057	0.0004942287406672907
-1.5605810430288463	0.0001491876514165824	0.0004917271600606288
-1.5511515503217232	0.00014958619740856882	0.0004892451898941275
-1.5417220576146002	0.0001499863701734938	0.000486782620553905
-1.5322925649074772	0.00015038817870394183	0.000484339245270915
-1.5228630722003542	0.0001507916320544478	0.00048191486007276296
-1.513433579493232	0.0001511967393443836	0.00047950926374018543
-1.504004086786109	0.00015160350975662595	0.00047712225775953243
-1.494574594078986	0.00015201195253822242	0.00047475364628013494
-1.485145101371863	0.00015242207700172372	0.00047240323607034007
-1.47571560866474	0.00015283389252562785	0.00047007083647532255
-1.466286115957617	0.00015324740855438002	0.00046775625937622856
-1.456856623250494	0.00015366263459948293	0.0004654593191464329
-1.447427130543371	0.00015407958023883062	0.0004631798326153458
-1.437997637836248	0.00015449825511981707	0.00046091761902644635
-1.428568145129125	0.00015491866895689377	0.0004586724999986469
-1.4191386524220029	0.0001553408315349003	0.00045644429948943355
-1.409709159714879	0.0001557647527075101	0.0004542328437582288
-1.4002796670077569	0.00015619044239922886	0.000452037961328422
-1.390850174300633	0.00015661791060561647	0.000449859482951398
-1.3814206815935108	0.00015704716739306512	0.0004476972415734526
-1.371991188886387	0.00015747822290101965	0.0004455510722995992
-1.3625616961792648	0.00015791108734131143	0.00044342081235981823
-1.353132203472141	0.0001583457709992686	0.0004413063010764162
-1.3437027107650188	0.00015878228423393814	0.0004392073798313856
-1.3342732180578967	0.00015922063747986215	0.00043712389203354185
-1.3248437253507728	0.00015966084124663382	0.00043505568308876974
-1.3154142326436506	0.00016010290611956357	0.0004330026003678267
-1.3059847399365268	0.00016054684276145537	0.0004309644931750345
-1.2965552472294046	0.00016099266191105244	0.0004289412127220782
-1.2871257545222807	0.00016144037438703407	0.00042693261209425515
-1.2776962618151586	0.00016188999108579516	0.00042493854622627225
-1.2682667691080347	0.00016234152298300053	0.0004229588718702715
-1.2588372764009126	0.0001627949811349172	0.0004209934475705168
-1.2494077836937887	0.0001632503766790805	0.0004190421336351946
-1.2399782909866666	0.00016370772083362795	0.0004171047921104343
-1.2305487982795427	0.00016416702489951973	0.00041518128675366306
-1.2211193055724205	0.00016462830026053865	0.0004132714830074047
-1.2116898128652984	0.0001650915583850665	0.0004113752479748545
-1.2022603201581745	0.0001655568108251959	0.0004094924503952324
-1.1928308274510524	0.0001660240692187287	0.00040762296061758185
-1.1834013347439285	0.00016649334528917592	0.0004057666505790092
-1.1739718420368064	0.00016696465084731216	0.00040392339377959274
-1.1645423493296825	0.00016743799779050939	0.0004020930652597343
-1.1551128566225604	0.00016791339810651174	0.0004002755415781767
-1.1456833639154365	0.00016839086386988278	0.0003984707007884669
-1.1362538712083143	0.0001688704072473346	0.000396678422417196
-1.1268243785011904	0.00016935204049506325	0.0003948985874429045
-1.1173948857940683	0.00016983577596163535	0.0003931310782749886
-1.1079653930869444	0.0001703216260870999	0.00039137577873127327
-1.0985359003798223	0.00017080960340565277	0.000389632574020915
-1.0891064076727002	0.0001712997205460809	0.0003879013507195328
-1.0796769149655763	0.000171791990230874	0.0003861819967543312
-1.0702474222584542	0.00017228642527999938	0.0003844744013807855
-1.0608179295513303	0.0001727830386082374	0.00038277845516510034
-1.0513884368442081	0.00017328184323006646	0.00038109404996600205
-1.0419589441370842	0.00017378285225722045	0.0003794210789147545
-1.032529451429962	0.0001742860789013534	0.0003777594363991721
-1.0230999587228382	0.00017479153647426138	0.00037610901804185914
-1.013670466015716	0.0001752992383892149	0.00037446972068799766
-1.0042409733085922	0.00017580919816206908	0.0003728414423829207
-0.9948114806014701	0.00017632142941081952	0.00037122408235856774
-0.9853819878943462	0.00017683594585893303	0.000369617541015721
-0.975952495187224	0.0001773527613337933	0.00036802171990601984
-0.9665230024801019	0.00017787188977003154	0.0003664365217188603
-0.957093509772978	0.00017839334520797223	0.00036486185026340934
-0.9476640170658559	0.00017891714179718576	0.00036329761045261755
-0.938234524358732	0.00017944329379626645	0.00036174370828945257
-0.9288050316516099	0.00017997181557305453	0.0003602000508504677
-0.919375538944486	0.00018050272160685665	0.0003586665462720351
-0.9099460462373639	0.00018103602648977812	0.0003571431037345807
-0.90051655353024	0.0001815717449267229	0.0003556296334490394
-0.8910870608231178	0.00018210989173694792	0.0003541260466413121
-0.8816575681159939	0.00018265048185450716	0.00035263225554094113
-0.8722280754088718	0.00018319353033091623	0.0003511481733646793
-0.8627985827017479	0.00018373905233470822	0.00034967371430449923
-0.8533690899946258	0.00018428706315343213	0.0003482087935138267
-0.8439395972875037	0.00018483757819409696	0.000346753327094218
-0.8345101045803798	0.000185390612984504	0.00034530723208381353
-0.8250806118732577	0.00018594618317524514	0.0003438704264429049
-0.8156511191661338	0.00018650430453970301	0.00034244282904327683
-0.8062216264590116	0.00018706499297604928	0.00034102435965355227
-0.7967921337518877	0.00018762826450768877	0.0003396149389294223
-0.7873626410447656	0.00018819413528525786	0.00033821448840143375
-0.7779331483376417	0.00018876262158751267	0.0003368229304623327
-0.7685036556305196	0.0001893337398215511	0.0003354401883557401
-0.7590741629233957	0.0001899075065265876	0.00033406618616549366
-0.7496446702162736	0.00019048393837284294	0.00033270084880410167
-0.7402151775091497	0.00019106305216332053	0.00033134410200208464
-0.7307856848020275	0.00019164486483602694	0.0003299958722962071
-0.7213561920949054	0.00019222939346419388	0.0003286560870201516
-0.7119266993877815	0.00019281665525827663	0.0003273246742938607
-0.7024972066806594	0.00019340666756750835	0.00032600156301199057
-0.6930677139735355	0.00019399944788012213	0.00032468668283480717
-0.6836382212664134	0.00019459501382534938	0.0003233799641784163
-0.6742087285592895	0.00019519338317586232	0.0003220813382043275
-0.6647792358521674	0.0001957945738473299	0.00032079073680968406
-0.6553497431450435	0.00019639860390086028	0.0003195080926188254
-0.6459202504379213	0.00019700549154411107	0.0003182333389719627
-0.6364907577307974	0.0001976152551337318	0.0003169664099178515
-0.6270612650236753	0.00019822791317447574	0.00031570724020313357
-0.6176317723165514	0.0001988434843234188	0.0003144557652656754
-0.6082022796094293	0.00019946198738995946	0.000313211921221912
-0.5987727869023072	0.000200083441336929	0.0003119756448624056
-0.5893432941951833	0.0002007078652841443	0.0003107468736400776
-0.5799138014880612	0.00020133527850751953	0.000309525545663325
-0.5704843087809373	0.0002019657004417308	0.00030831159968713884
-0.5610548160738151	0.0002025991506819924	0.0003071049751062205
-0.5516253233666912	0.00020323564898627744	0.0003059056119436576
-0.5421958306595691	0.00020387521527442942	0.00030471345084737145
-0.5327663379524452	0.0002045178696334915	0.0003035284330783483
-0.5233368452453231	0.00020516363231593004	0.0003023505005055327
-0.5139073525381992	0.00020581252374363146	0.00030117959559672336
-0.5044778598310771	0.00020646456450790218	0.0003000156614125782
-0.49504836712395317	0.0002071197753725773	0.00029885864159684417
-0.48561887441683105	0.00020777817727579695	0.00029770848037191655
-0.4761893817097089	0.00020843979133022827	0.000296565122529735
-0.466759889002585	0.00020910463882639618	0.0002954285134249002
-0.4573303962954629	0.00020977274123379352	0.00029429859896890065
-0.447900903588339	0.00021044412020310155	0.00029317532562167514
-0.4384714108812169	0.00021111879756752217	0.00029205864038650553
-0.429041918174093	0.0002117967953445543	0.00029094849080113505
-0.41961242546697086	0.00021247813573954666	0.0002898448249346597
-0.41018293275984696	0.00021316284114480943	0.00028874759137664796
-0.40075344005272484	0.00021385093414427736	0.00028765673923403234
-0.39132394734560094	0.00021454243751395374	0.000286572218125114
-0.3818944546384788	0.00021523737422324274	0.00028549397816934885
-0.3724649619313567	0.00021593576744005638	0.00028442196998668123
-0.3630354692242328	0.00021663764052881618	0.0002833561446875521
-0.3536059765171107	0.000217343017054894	0.00028229645386801394
-0.3441764838099868	0.00021805192078772073	0.00028124284960462376
-0.33474699110286465	0.000218764375699676	0.0002801952844484479
-0.32531749839574076	0.0002194804059705291	0.0002791537114184006
-0.31588800568861863	0.00022020003598921534	0.00027811808399658133
-0.30645851298149474	0.00022092329035672265	0.0002770883561227233
-0.2970290202743726	0.00022165019388609153	0.0002760644821879765
-0.2875995275672487	0.00022238077160707803	0.0002750464170313549
-0.2781700348601266	0.0002231150487670419	0.00027403411593129867
-0.2687405421530027	0.00022385305083361118	0.0002730275346036759
-0.25931104944588057	0.00022459480349712457	0.00027202662919467713
-0.24988155673875845	0.00022534033267329612	0.00027103135627659647
-0.24045206403163455	0.00022608966450454737	0.0002700416728425026
-0.23102257132451243	0.0002268428253637822	0.00026905753630135365
-0.22159307861738853	0.00022759984185594107	0.00026807890447266836
-0.2121635859102664	0.00022836074082088764	0.0002671057355829731
-0.2027340932031425	0.00022912554933540719	0.0002661379882591408
-0.19330460049602038	0.00022989429471631517	0.00026517562152617025
-0.18387510778889649	0.00023066700452312183	0.0002642185948005249
-0.17444561508177436	0.00023144370656003055	0.000263266867885692
-0.16501612237465046	0.00023222442887949057	0.0002623204009692959
-0.15558662966752834	0.0002330091997835293	0.00026137915461776906
-0.14615713696040444	0.000233798047827527	0.0002604430897703569
-0.13672764425328232	0.00023459100182332548	0.0002595121677382295
-0.1272981515461602	0.00023538809084100443	0.0002585863501973762
-0.1178686588390363	0.00023618934421154592	0.00025766559918505294
-0.10843916613191418	0.0002369947915310533	0.0002567498770968957
-0.09900967342479028	0.00023780446266208344	0.00025583914668203533
-0.08958018071766816	0.00023861838773875377	0.0002549333710373247
-0.08015068801054426	0.00023943659716629817	0.0002540325136068944
-0.07072119530342214	0.00024025912162795038	0.00025313653817526927
-0.061291702596298236	0.00024108599208472192	0.0002522454088653703
-0.051862209889176114	0.00024191723978095325	0.0002513590901329632
-0.042432717182052215	0.00024275289624586804	0.00025047754676443823
-0.03300322447493009	0.00024359299329668183	0.0002496007438725911
-0.023573731767806194	0.00024443756304393105	0.00024872864689284846
-0.014144239060684072	0.0002452866378914731	0.0002478612215792708
-0.004714746353561949	0.00024614025054248145	0.00024699843400188826
0.004714746353561949	0.00024699843400188826	0.00024614025054248145
0.014144239060684072	0.0002478612215792708	0.0002452866378914731
0.02357373176780797	0.00024872864689284846	0.00024443756304393105
0.03300322447493009	0.0002496007438725911	0.00024359299329668183
0.04243271718205399	0.00025047754676443823	0.00024275289624586804
0.051862209889176114	0.0002513590901329632	0.00024191723978095325
0.06129170259630001	0.0002522454088653703	0.00024108599208472192
0.07072119530342214	0.00025313653817526927	0.00024025912162795038
0.08015068801054603	0.0002540325136068944	0.00023943659716629817
0.08958018071766816	0.0002549333710373247	0.00023861838773875377
0.09900967342479206	0.00025583914668203533	0.00023780446266208344
0.10843916613191418	0.0002567498770968957	0.0002369947915310533
0.1178686588390363	0.00025766559918505294	0.00023618934421154592
0.1272981515461602	0.0002585863501973762	0.00023538809084100443
0.13672764425328232	0.0002595121677382295	0.00023459100182332548
0.14615713696040622	0.0002604430897703569	0.000233798047827527
0.15558662966752834	0.00026137915461776906	0.0002330091997835293
0.16501612237465224	0.0002623204009692959	0.00023222442887949057
0.17444561508177436	0.000263266867885692	0.00023144370656003055
0.18387510778889826	0.0002642185948005249	0.00023066700452312183
0.19330460049602038	0.00026517562152617025	0.00022989429471631517
0.20273409320314428	0.0002661379882591408	0.00022912554933540719
0.2121635859102664	0.0002671057355829731	0.00022836074082088764
0.2215930786173903	0.00026807890447266836	0.00022759984185594107
0.23102257132451243	0.00026905753630135365	0.0002268428253637822
0.24045206403163455	0.0002700416728425026	0.00022608966450454737
0.24988155673875845	0.00027103135627659647	0.00022534033267329612
0.25931104944588057	0.00027202662919467713	0.00022459480349712457
0.26874054215300447	0.0002730275346036759	0.00022385305083361118
0.2781700348601266	0.00027403411593129867	0.0002231150487670419
0.2875995275672505	0.0002750464170313549	0.00022238077160707803
0.2970290202743726	0.0002760644821879765	0.00022165019388609153
0.3064585129814965	0.0002770883561227233	0.00022092329035672265
0.31588800568861863	0.00027811808399658133	0.00022020003598921534
0.32531749839574253	0.0002791537114184006	0.0002194804059705291
0.33474699110286465	0.0002801952844484479	0.000218764375699676
0.34417648380998855	0.00028124284960462376	0.00021805192078772073
0.3536059765171107	0.00028229645386801394	0.000217343017054894
0.3630354692242328	0.0002833561446875521	0.00021663764052881618
0.3724649619313567	0.00028442196998668123	0.00021593576744005638
0.3818944546384788	0.00028549397816934885	0.00021523737422324274
0.3913239473456027	0.000286572218125114	0.00021454243751395374
0.40075344005272484	0.00028765673923403234	0.00021385093414427736
0.41018293275984874	0.00028874759137664796	0.00021316284114480943
0.41961242546697086	0.0002898448249346597	0.00021247813573954666
0.42904191817409476	0.00029094849080113505	0.0002117967953445543
0.4384714108812169	0.00029205864038650553	0.00021111879756752217
0.4479009035883408	0.00029317532562167514	0.00021044412020310155
0.4573303962954629	0.00029429859896890065	0.00020977274123379352
0.4667598890025868	0.0002954285134249002	0.00020910463882639618
0.4761893817097089	0.000296565122529735	0.00020843979133022827
0.48561887441683105	0.00029770848037191655	0.00020777817727579695
0.49504836712395495	0.00029885864159684417	0.0002071197753725773
0.5044778598310771	0.0003000156614125782	0.00020646456450790218
0.513907352538201	0.00030117959559672336	0.00020581252374363146
0.5233368452453231	0.0003023505005055327	0.00020516363231593004
0.532766337952447	0.0003035284330783483	0.0002045178696334915
0.5421958306595691	0.00030471345084737145	0.00020387521527442942
0.551625323366693	0.0003059056119436576	0.00020323564898627744
0.5610548160738151	0.0003071049751062205	0.0002025991506819924
0.570484308780939	0.00030831159968713884	0.0002019657004417308
0.5799138014880612	0.000309525545663325	0.00020133527850751953
0.589343294195185	0.0003107468736400776	0.0002007078652841443
0.5987727869023072	0.0003119756448624056	0.000200083441336929
0.6082022796094293	0.000313211921221912	0.00019946198738995946
0.6176317723165532	0.0003144557652656754	0.0001988434843234188
0.6270612650236753	0.00031570724020313357	0.00019822791317447574
0.6364907577307992	0.0003169664099178515	0.0001976152551337318
0.6459202504379213	0.0003182333389719627	0.00019700549154411107
0.6553497431450452	0.0003195080926188254	0.00019639860390086028
0.6647792358521674	0.00032079073680968406	0.0001957945738473299
0.6742087285592913	0.0003220813382043275	0.00019519338317586232
0.6836382212664134	0.0003233799641784163	0.00019459501382534938
0.6930677139735373	0.00032468668283480717	0.00019399944788012213
0.7024972066806594	0.00032600156301199057	0.00019340666756750835
0.7119266993877833	0.00032732467429408274	0.00019281665525827663
0.7213561920949054	0.0003286560870201516	0.00019222939346419388
0.7307856848020275	0.0003299958722962071	0.00019164486483602694
0.7402151775091514	0.00033134410200208464	0.00019106305216332053
0.7496446702162736	0.00033270084880410167	0.00019048393837284294
0.7590741629233975	0.00033406618616549366	0.0001899075065265876
0.7685036556305196	0.0003354401883557401	0.0001893337398215511
0.7779331483376435	0.0003368229304623327	0.00018876262158751267
0.7873626410447656	0.0003382144884015448	0.00018819413528525786
0.7967921337518895	0.0003396149389294223	0.00018762826450768877
0.8062216264590116	0.00034102435965355227	0.00018706499297604928
0.8156511191661355	0.00034244282904327683	0.00018650430453970301
0.8250806118732577	0.0003438704264429049	0.00018594618317524514
0.8345101045803816	0.00034530723208381353	0.000185390612984504
0.8439395972875037	0.000346753327094218	0.00018483757819409696
0.8533690899946258	0.0003482087935138267	0.00018428706315343213
0.8627985827017497	0.00034967371430449923	0.00018373905233470822
0.8722280754088718	0.0003511481733646793	0.00018319353033091623
0.8816575681159957	0.00035263225554094113	0.00018265048185450716
0.8910870608231178	0.0003541260466413121	0.00018210989173694792
0.9005165535302417	0.0003556296334490394	0.0001815717449267229
0.9099460462373639	0.0003571431037345807	0.00018103602648977812
0.9193755389444878	0.0003586665462720351	0.00018050272160685665
0.9288050316516099	0.0003602000508504677	0.00017997181557305453
0.9382345243587338	0.00036174370828945257	0.00017944329379626645
0.9476640170658559	0.00036329761045261755	0.00017891714179718576
0.957093509772978	0.00036486185026340934	0.00017839334520797223
0.9665230024801019	0.0003664365217188603	0.00017787188977003154
0.975952495187224	0.00036802171990601984	0.0001773527613337933
0.9853819878943479	0.000369617541015721	0.00017683594585893303
0.9948114806014701	0.00037122408235856774	0.00017632142941081952
1.004240973308594	0.0003728414423829207	0.00017580919816206908
1.013670466015716	0.00037446972068799766	0.0001752992383892149
1.02309995872284	0.00037610901804185914	0.00017479153647426138
1.032529451429962	0.0003777594363991721	0.0001742860789013534
1.041958944137086	0.0003794210789147545	0.00017378285225722045
1.0513884368442081	0.00038109404996600205	0.00017328184323006646
1.060817929551332	0.00038277845516510034	0.0001727830386082374
1.0702474222584542	0.0003844744013807855	0.00017228642527999938
1.0796769149655763	0.0003861819967543312	0.000171791990230874
1.0891064076727002	0.0003879013507195328	0.0001712997205460809
1.0985359003798223	0.000389632574020915	0.00017080960340565277
1.1079653930869462	0.00039137577873127327	0.0001703216260870999
1.1173948857940683	0.0003931310782745445	0.00016983577596163535
1.1268243785011922	0.0003948985874429045	0.00016935204049506325
1.1362538712083143	0.000396678422417196	0.0001688704072473346
1.1456833639154382	0.0003984707007884669	0.00016839086386988278
1.1551128566225604	0.0004002755415781767	0.00016791339810651174
1.1645423493296843	0.0004020930652597343	0.00016743799779050939
1.1739718420368064	0.00040392339377959274	0.00016696465084731216
1.1834013347439303	0.0004057666505790092	0.00016649334528917592
1.1928308274510524	0.00040762296061758185	0.0001660240692187287
1.2022603201581745	0.00040949245039545445	0.0001655568108251959
1.2116898128652984	0.0004113752479748545	0.0001650915583850665
1.2211193055724205	0.0004132714830074047	0.00016462830026053865
1.2305487982795444	0.00041518128675366306	0.00016416702489951973
1.2399782909866666	0.0004171047921104343	0.00016370772083362795
1.2494077836937905	0.0004190421336351946	0.0001632503766790805
1.2588372764009126	0.0004209934475705168	0.0001627949811349172
1.2682667691080365	0.0004229588718702715	0.00016234152298300053
1.2776962618151586	0.00042493854622627225	0.00016188999108579516
1.2871257545222825	0.00042693261209425515	0.00016144037438703407
1.2965552472294046	0.0004289412127220782	0.00016099266191105244
1.3059847399365285	0.0004309644931750345	0.00016054684276145537
1.3154142326436506	0.0004330026003678267	0.00016010290611956357
1.3248437253507728	0.00043505568308876974	0.00015966084124663382
1.3342732180578967	0.00043712389203354185	0.00015922063747986215
1.3437027107650188	0.0004392073798309415	0.00015878228423393814
1.3531322034721427	0.0004413063010764162	0.0001583457709992686
1.3625616961792648	0.00044342081235981823	0.00015791108734131143
1.3719911888863887	0.0004455510722995992	0.00015747822290101965
1.3814206815935108	0.0004476972415734526	0.00015704716739306512
1.3908501743006347	0.000449859482951398	0.00015661791060561647
1.4002796670077569	0.000452037961328422	0.00015619044239922886
1.4097091597148808	0.0004542328437582288	0.0001557647527075101
1.4191386524220029	0.00045644429948943355	0.0001553408315349003
1.4285681451291268	0.0004586724999986469	0.00015491866895689377
1.437997637836249	0.00046091761902644635	0.00015449825511981707
1.447427130543371	0.0004631798326153458	0.00015407958023883062
1.456856623250495	0.0004654593191464329	0.00015366263459948293
1.466286115957617	0.00046775625937622856	0.00015324740855438002
1.475715608664741	0.00047007083647532255	0.00015283389252562785
1.485145101371863	0.00047240323607034007	0.00015242207700172372
1.494574594078987	0.00047475364628013494	0.00015201195253822242
1.504004086786109	0.00047712225775953243	0.00015160350975662595
1.513433579493233	0.00047950926374018543	0.0001511967393443836
1.522863072200355	0.00048191486007276296	0.0001507916320544478
1.532292564907479	0.000484339245270915	0.00015038817870394183
1.5417220576146011	0.000486782620553905	0.0001499863701734938
1.551151550321725	0.0004892451898941275	0.00014958619740856882
1.5605810430288471	0.0004917271600606288	0.0001491876514165824
1.5700105357359693	0.0004942287406672907	0.00014879072326690057
1.5794400284430932	0.0004967501442205702	0.0001483954040926161
1.5888695211502153	0.0004992915861670166	0.00014800168508610767
1.5982990138573392	0.0005018532849441204	0.00014760955750170446
1.6077285065644613	0.0005044354620311609	0.00014721901265435378
1.6171579992715852	0.0005070383419996105	0.0001468300419185109
1.6265874919787073	0.0005096621525666478	0.00014644263672725089
1.6360169846858312	0.0005123071246488919	0.00014605678857382287
1.6454464773929534	0.0005149734924174698	0.00014567248900854146
1.6548759701000773	0.0005176614933537493	0.00014528972964122921
1.6643054628071994	0.0005203713683055167	0.00014490850213744189
1.6737349555143233	0.0005231033615469283	0.00014452879822091091
1.6831644482214454	0.0005258577208371307	0.0001441506096708789
1.6925939409285675	0.0005286346974804346	0.0001437739283227657
1.7020234336356914	0.0005314345463895975	0.00014339874606861258
1.7114529263428135	0.0005342575261473304	0.0001430250548537515
1.7208824190499374	0.0005371038990729105	0.00014265284668013578
1.7303119117570596	0.0005399739312854646	0.00014228211360189924
1.7397414044641835	0.0005428678927730246	0.00014191284772824275
1.7491708971713056	0.0005457860574615836	0.0001415450412212138
1.7586003898784295	0.0005487287032837074	0.00014117868629592856
1.7680298825855516	0.0005516961122502551	0.00014081377521968363
1.7774593752926755	0.0005546885705243199	0.00014045030031151207
1.7868888679997976	0.0005577063684958361	0.0001400882539428494
1.7963183607069215	0.0005607498008568523	0.00013972762853575738
1.8057478534140436	0.000563819166679913	0.00013936841656292387
1.8151773461211658	0.0005669147694973287	0.00013901061054766295
1.8246068388282897	0.0005700369173828879	0.00013865420306280463
1.8340363315354118	0.0005731859230351244	0.00013829918673113895
1.8434658242425357	0.0005763621038601396	0.0001379455542249719
1.8528953169496578	0.0005795657820595324	0.00013759329826434907
1.8623248096567817	0.0005827972847203267	0.00013724241161749973
1.8717543023639038	0.0005860569439013474	0.00013689288710239111
1.8811837950710277	0.0005893450967306979	0.00013654471758250963
1.8906132877781499	0.0005926620854956877	0.00013619789596952536
1.9000427804852738	0.0005960082577409764	0.00013585241522218183
1.9094722731923959	0.0005993839663689382	0.00013550826834474172
1.9189017658995198	0.0006027895697371388	0.00013516544838787503
1.928331258606642	0.0006062254317640292	0.00013482394844888113
1.937760751313764	0.0006096919220330843	0.00013448376166880216
1.947190244020888	0.0006131894159002726	0.00013414488123486557
1.95661973672801	0.0006167182946059668	0.0001338073003782636
1.966049229435134	0.0006202789453846336	0.0001334710123748195
1.975478722142256	0.0006238717615822953	0.0001331360105440993
1.98490821484938	0.0006274971427745468	0.00013280228824896767
1.994337707556502	0.000631155494883906	0.00013246983889647623
2.003767200263626	0.0006348472303077113	0.00013213865593542096
2.013196692970748	0.0006385727680393583	0.00013180873285723038
2.022626185677872	0.0006423325338007491	0.0001314800631968538
2.032055678384994	0.0006461269601736319	0.0001311526405292085
2.0414851710921162	0.0006499564867319396	0.0001308264584725105
2.05091466379924	0.0006538215601842312	0.00013050151068494387
2.0603441565063623	0.0006577226345114706	0.0001301777908659929
2.069773649213486	0.0006616601711126879	0.0001298552927562202
2.0792031419206083	0.0006656346389544154	0.00012953401013593435
2.088632634627732	0.0006696465147209008	0.00012921393682496785
2.0980621273348543	0.000673696282968983	0.0001288950666840094
2.107491620041978	0.0006777844362881869	0.00012857739361216147
2.1169211127491003	0.0006819114754632594	0.00012826091154782837
2.1263506054562242	0.0006860779096384828	0.00012794561446782815
2.1357800981633464	0.0006902842564917577	0.00012763149638828075
2.1452095908704703	0.0006945310424060214	0.00012731855136216552
2.1546390835775924	0.0006988188026513242	0.00012700677348154166
2.1640685762847145	0.0007031480815651303	0.00012669615687510571
2.1734980689918384	0.000707519432740833	0.00012638669570974592
2.1829275616989605	0.0007119334192220439	0.00012607838418787765
2.1923570544060844	0.0007163906136973264	0.00012577121655010792
2.2017865471132065	0.0007208915987018116	0.00012546518707257093
2.2112160398203304	0.0007254369668274752	0.0001251602900680382
2.2206455325274526	0.0007300273209311925	0.0001248565198848084
2.2300750252345765	0.0007346632743541193	0.00012455387090692938
2.2395045179416986	0.000739345451144624	0.00012425233755331
2.2489340106488225	0.000744074486286328	0.0001239519142790524
2.2583635033559446	0.000748851025931252	0.00012365259557234332
2.2677929960630685	0.0007536757276416228	0.00012335437595711873
2.2772224887701906	0.000758549260635677	0.00012305724999150947
2.2866519814773127	0.0007634723060387927	0.00012276121226695302
2.2960814741844366	0.0007684455571441706	0.00012246625740974793
2.3055109668915588	0.0007734697196777329	0.00012217238007838915
2.3149404595986827	0.0007785455120696838	0.00012187957496512247
2.324369952305805	0.0007836736657358401	0.00012158783679594443
2.3337994450129287	0.0007888549253640686	0.00012129716032815985
2.343228937720051	0.0007940900492071634	0.00012100754035238026
2.3526584304271747	0.0007993798093863802	0.00012071897169185775
2.362087923134297	0.000804724992201189	0.00012043144920070858
2.3715174158414207	0.0008101263984476859	0.00012014496776568961
2.380946908548543	0.0008155848437434443	0.0001198595223055321
2.3903764012556667	0.0008211011588662442	0.00011957510776849922
2.399805893962789	0.0008266761900950215	0.00011929171913571679
2.409235386669911	0.0008323107995664714	0.00011900935141806457
2.418664879377035	0.0008380058656358713	0.00011872799965750858
2.428094372084157	0.0008437622832511149	0.00011844765892643494
2.437523864791281	0.0008495809643360719	0.00011816832432720581
2.446953357498403	0.0008554628381842733	0.00011788999099149322
2.456382850205527	0.0008614088518630325	0.00011761265408161137
2.465812342912649	0.0008674199706284469	0.00011733630878940637
2.475241835619773	0.0008734971783537215	0.00011706095033514607
2.484671328326895	0.0008796414779679296	0.00011678657396885228
2.494100821034019	0.0008858538919060965	0.0001165131749694126
2.503530313741141	0.0008921354625750499	0.00011624074864324818
2.512959806448265	0.0008984872528283727	0.00011596929032653414
2.522389299155387	0.0009049103464573438	0.0001156987953834232
2.5318187918625092	0.0009114058486969778	0.00011542925920515756
2.541248284569633	0.0009179748867413906	0.00011516067721206724
2.5506777772767553	0.0009246186102815912	0.00011489304485046148
2.560107269983879	0.0009313381920499353	0.00011462635759618145
2.5695367626910013	0.0009381348283890034	0.00011436061095060346
2.578966255398125	0.0009450097398293611	0.00011409580044219325
2.5883957481052473	0.0009519641716904115	0.00011383192162672806
2.597825240812371	0.0009589993946932385	0.00011356897008707456
2.6072547335194933	0.0009661167055974307	0.00011330694143141251
2.6166842262266172	0.0009733174278505619	0.00011304583129478907
2.6261137189337393	0.0009806029122617632	0.00011278563533800856
2.6355432116408632	0.0009879745376928373	0.00011252634924807658
2.6449727043479854	0.000995433711771021	0.00011226796873731182
2.6544021970551075	0.0010029818716219552	0.00011201048954334603
2.6638316897622314	0.0010106204846274114	0.00011175390743001223
2.6732611824693535	0.0010183510492025594	0.00011149821818534633
2.6826906751764774	0.0010261750955999904	0.00011124341762247525
2.6921201678835995	0.0010340941867363895	0.00011098950157961696
2.7015496605907234	0.0010421099190445204	0.00011073646591897024
2.7109791532978456	0.0010502239233547428	0.00011048430652826902
2.7204086460049695	0.0010584378657989557	0.00011023301931789575
2.7298381387120916	0.0010667534487458497	0.00010998260022421213
2.7392676314192155	0.0010751724117665784	0.00010973304520511817
2.7486971241263376	0.0010836965326264103	0.0001094843502444931
2.7581266168334615	0.0010923276283125727	0.00010923651134819856
2.7675561095405836	0.0011010675560916283	0.00010898952454607702
2.7769856022477057	0.001109918214602601	0.00010874338589150767
2.7864150949548296	0.0011188815449834077	0.00010849809146051825
2.7958445876619518	0.0011279595320339286	0.00010825363735134097
2.8052740803690757	0.0011371542054198214	0.00010801001968663293
2.814703573076198	0.001146467640909643	0.00010776723461014548
2.8241330657833217	0.001155901961659156	0.00010752527828894465
2.833562558490444	0.001165459339532049	0.0001072841469111907
2.8429920511975677	0.0011751419964687315	0.00010704383668858064
2.85242154390469	0.00118495220589665	0.0001068043438534616
2.8618510366118137	0.0011948922941924511	0.00010656566466127337
2.871280529318936	0.0012049646421887772	0.00010632779538788384
2.8807100220260597	0.0012151716867332407	0.00010609073233092126
2.890139514733182	0.0012255159223020229	0.00010585447181021834
2.899569007440304	0.0012359999026660962	0.00010561901016625797
2.908998500147428	0.001246626242616955	0.00010538434375928496
2.91842799285455	0.0012573976197476355	0.00010515046897285885
2.927857485561674	0.0012683167762999048	0.00010491738220896885
2.937286978268796	0.0012793865210747324	0.00010468507989203069
2.94671647097592	0.0012906097314056009	0.00010445355846600002
2.956145963683042	0.0013019893552066453	0.00010422281439503855
2.965575456390166	0.0013135284130908476	0.0001039928441641802
2.975004949097288	0.0013252300005615059	0.00010376364427755469
2.984434441804412	0.0013370972902855272	0.00010353521125971987
2.993863934511534	0.0013491335344451016	0.00010330754165543965
3.003293427218658	0.001361342067178306	0.00010308063202835172
3.01272291992578	0.0013737263071023076	0.00010285447896141164
3.0221524126329022	0.0013862897599352664	0.0001026290790584472
3.031581905340026	0.0013990360212099429	0.00010240442894082769
3.0410113980471483	0.0014119687790887792	0.00010218052524968435
3.050440890754272	0.0014250918172831195	0.0001019573646452443
3.0598703834613943	0.001438409018083453	0.00010173494380616432
3.069299876168518	0.0014519243654990133	0.00010151325943019707
3.0787293688756403	0.0014656419485199468	0.00010129230823352486
3.088158861582764	0.0014795659645019388	0.00010107208695053771
3.0975883542898863	0.001493700722678959	0.00010085259233516553
3.1070178469970102	0.0015080506478115652	0.00010063382115732544
3.1164473397041323	0.00152262028397665	0.0001004157702073627
3.1258768324112562	0.0015374142985031813	0.00010019843629183178
3.1353063251183784	0.0015524374860629298	9.998181623593894e-05
3.1447358178255005	0.0015676947729204027	9.976590688243192e-05
3.1541653105326244	0.001583191221351532	9.955070509182207e-05
3.1635948032397465	0.0015989320342377766	9.933620774194019e-05
3.1730242959468704	0.0016149225598447448	9.912241172771452e-05
3.1824537886539925	0.001631168296791552	9.890931396228098e-05
3.1918832813611164	0.001647674899221907	9.869691137431857e-05
3.2013127740682386	0.001664448182185252	9.848520091115809e-05
3.2107422667753625	0.0016814941272393913	9.827417953633955e-05
3.2201717594824846	0.0016988188882844923	9.806384422961223e-05
3.2296012521896085	0.0017164287976350057	9.785419198826695e-05
3.2390307448967306	0.0017343303723498238	9.764521982535967e-05
3.2484602376038545	0.0017525303208245635	9.7436924771932e-05
3.2578897303109766	0.0017710355496660668	9.722930387323636e-05
3.2673192230180987	0.0017898531708528953	9.702235419251082e-05
3.2767487157252226	0.0018089905092102398	9.681607280787041e-05
3.2861782084323448	0.0018284551101999114	9.661045681497171e-05
3.2956077011394687	0.00184825474805006	9.64055033234601e-05
3.305037193846591	0.0018683974342410536	9.620120945985633e-05
3.3144666865537147	0.0018888914263612833	9.599757236689044e-05
3.323896179260837	0.0019097452373566526	9.579458920239148e-05
3.3333256719679607	0.0019309676451877422	9.55922571386214e-05
3.342755164675083	0.0019525677029239574	9.53905733653837e-05
3.3521846573822067	0.0019745547492882043	9.518953508558248e-05
3.361614150089329	0.001996938419683403	9.498913951944132e-05
3.371043642796451	0.0020197286577194884	9.478938390006242e-05
3.380473135503575	0.0020429357272726545	9.459026547720129e-05
3.389902628210697	0.002066570225101927	9.439178151526839e-05
3.399332120917821	0.0020906430940543785	9.419392929266301e-05
3.408761613624943	0.0021151656368899596	9.399670610310551e-05
3.418191106332067	0.002140149530758362	9.380010925497118e-05
3.427620599039189	0.002165606842367329	9.360413607084617e-05
3.437050091746313	0.002191550043876722	9.340878388819362e-05
3.446479584453435	0.0022179920295586353	9.321405005824346e-05
3.455909077160559	0.0022449461332711973	9.301993194710256e-05
3.465338569867681	0.0022724261467834683	9.282642693375642e-05
3.474768062574805	0.0023004463390081664	9.263353241273364e-05
3.484197555281927	0.0023290214761859662	9.244124579210755e-05
3.493627047989049	0.0023581668430854297	9.22495644930521e-05
3.503056540696173	0.002387898265265642	9.205848595139621e-05
3.5124860334032952	0.002418232132475495	9.186800761606939e-05
3.521915526110419	0.0024491854232462362	9.167812695021205e-05
3.5313450188175413	0.0024807757307554468	9.14888414296211e-05
3.540774511524665	0.002513021290031503	9.13001485445264e-05
3.5502040042317873	0.0025459410065868937	9.111204579759224e-05
3.559633496938911	0.002579554486558777	9.09245307054718e-05
3.5690629896460333	0.002613882068453255	9.073760079725268e-05
3.578492482353157	0.0026489448565920615	9.055125361601135e-05
3.5879219750602793	0.0026847647563652544	9.036548671659261e-05
3.597351467767403	0.0027213645114019247	9.018029766827418e-05
3.6067809604745253	0.002758767742785717	8.999568405165803e-05
3.6162104531816475	0.002796998990433508	8.981164346155701e-05
3.6256399458887714	0.0028360837567886765	8.962817350366414e-05
3.6350694385958935	0.002876048552967525	8.94452717983274e-05
3.6444989313030174	0.0029169209475232716	8.926293597699697e-05
3.6539284240101395	0.0029587296180002554	8.908116368377961e-05
3.6633579167172634	0.003001504405459654	8.889995257543859e-05
3.6727874094243855	0.0030452763721733334	8.87193003211717e-05
3.6822169021315094	0.003090077862706875	8.8539204601501e-05
3.6916463948386316	0.0031359425686094955	8.835966310982712e-05
3.7010758875457554	0.003182905596968988	8.818067355154113e-05
3.7105053802528776	0.0032310035430889172	8.80022336435804e-05
3.7199348729600015	0.0032802745675820644	8.782434111576087e-05
3.7293643656671236	0.0033307584781833155	8.764699370811257e-05
3.7387938583742457	0.0033824968166233926	8.74701891735441e-05
3.7482233510813696	0.003435532950917475	8.729392527695445e-05
3.7576528437884917	0.0034899121734641714	8.711819979367874e-05
3.7670823364956156	0.0035456818053773986	8.694301051170861e-05
3.7765118292027378	0.003602891307502243	8.67683552290277e-05
3.7859413219098617	0.003661592398620961	8.659423175694236e-05
3.795370814616984	0.003721839181377362	8.642063791675092e-05
3.8048003073241077	0.003783688276506325	8.62475715406319e-05
3.81422980003123	0.003847198966000498	8.607503047386444e-05
3.8236592927383537	0.003912433345905297	8.590301257016542e-05
3.833088785445476	0.003979456489481836	8.573151569635229e-05
3.8425182781525997	0.004048336621563675	8.556053772967864e-05
3.851947770859722	0.004119145304983585	8.53900765580562e-05
3.861377263566844	0.0041919576400406555	8.52201300800548e-05
3.870806756273968	0.0042668524780643535	8.50506962055686e-05
3.88023624898109	0.0043439126502236025	8.488177285426168e-05
3.889665741688214	0.004423225212841331	8.471335795778856e-05
3.899095234395336	0.004504881710586162	8.454544945668552e-05
3.90852472710246	0.004588978459056259	8.43780453037013e-05
3.917954219809582	0.004675616848398567	8.421114346113256e-05
3.927383712516706	0.0047649036697761105	8.404474190126798e-05
3.936813205223828	0.004856951466676307	8.387883860749845e-05
3.946242697930952	0.004951878913236563	8.371343157320688e-05
3.955672190638074	0.005049811222000322	8.354851880110203e-05
3.965101683345198	0.005150880583739026	8.338409830588311e-05
3.97453117605232	0.005255226642269184	8.322016811046495e-05
3.983960668759442	0.005362997007470449	8.305672624864258e-05
3.993390161466566	0.005474347810074498	8.289377076375892e-05
4.002819654173688	0.0055894443021413664	8.273129970937099e-05
4.012249146880812	0.005708461507591633	8.256931114858368e-05
4.021678639587934	0.005831584927608491	8.240780315493801e-05
4.031108132295058	0.005959011306268858	8.224677381041268e-05
4.04053762500218	0.006090949462352557	8.208622120786657e-05
4.049967117709304	0.006227621193944155	8.192614344881832e-05
4.059396610416426	0.006369262263204223	8.176653864455652e-05
4.06882610312355	0.006516123469522128	8.160740491613971e-05
4.078255595830672	0.006668471820237332	8.144874039395233e-05
4.087685088537796	0.006826591809186766	8.129054321703855e-05
4.097114581244918	0.006990786814583538	8.113281153487861e-05
4.1065440739520405	0.007161380629104208	8.097554350539049e-05
4.115973566659164	0.007338719136667282	8.081873729604006e-05
4.1254030593662865	0.00752317215218401	8.066239108273088e-05
4.13483255207341	0.007715135442615484	8.050650305135854e-05
4.1442620447805325	0.007915032950025602	8.03510713962563e-05
4.153691537487656	0.008123319240010862	8.019609432063923e-05
4.1631210301947785	0.008340482201964039	8.004157003749235e-05
4.172550522901902	0.008567046031174863	7.988749676712814e-05
4.1819800156090245	0.008803574526845215	7.973387274051724e-05
4.1914095083161484	0.00905067474477761	7.958069619551367e-05
4.200839001023271	0.00930900104894572	7.942796538018548e-05
4.2102684937303945	0.0095792596124058	7.927567855037232e-05
4.219697986437517	0.009862213425308686	7.912383397079559e-05
4.229127479144639	0.010158687876231975	7.897242991439235e-05
4.238556971851763	0.010469576982906625	7.882146466298146e-05
4.247986464558885	0.010795850359948678	7.867093650726353e-05
4.257415957266009	0.01113856102466293	7.852084374460055e-05
4.266845449973131	0.011498854157824367	7.837118468301263e-05
4.276274942680255	0.011877976954946745	7.822195763673712e-05
4.285704435387377	0.01227728972548181	7.807316093000338e-05
4.295133928094501	0.012698278423365905	7.792479289370213e-05
4.304563420801623	0.013142568823098055	7.777685186760586e-05
4.313992913508747	0.013611942592122728	7.762933619992474e-05
4.323422406215869	0.014108355553966168	7.748224424619643e-05
4.332851898922993	0.014633958488778132	7.733557437017424e-05
4.342281391630115	0.015191120880607811	7.718932494427122e-05
4.351710884337237	0.015782458096201712	7.704349434756175e-05
4.361140377044361	0.016410862571254126	7.689808096777995e-05
4.370569869751483	0.017079539690527668	7.675308320020946e-05
4.379999362458607	0.017792049182680958	7.660849944879367e-05
4.389428855165729	0.018552353014756773	7.646432812347115e-05
4.398858347872853	0.01936487097245465	7.632056764284023e-05
4.408287840579975	0.02023454535987157	7.617721643349284e-05
4.417717333287099	0.021166916558300608	7.603427292934839e-05
4.427146825994221	0.022168211563258322	7.58917355714317e-05
4.436576318701345	0.023245448092083176	7.57496028087612e-05
4.446005811408467	0.02440655744684439	7.560787309723871e-05
4.455435304115589	0.025660530062633136	7.546654490053761e-05
4.464864796822713	0.02701758861355974	7.532561669010285e-05
4.474294289529835	0.028489394746062935	7.518508694448478e-05
4.483723782236959	0.03008929703854535	7.504495414867307e-05
4.493153274944081	0.03183262975059187	7.490521679631712e-05
4.502582767651205	0.033737074461945626	7.476587338728358e-05
4.512012260358327	0.035823099997115304	7.462692242832247e-05
4.521441753065451	0.038114500338379265	7.448836243462154e-05
4.530871245772573	0.040639055893002096	7.43501919273637e-05
4.540300738479697	0.04342935097357559	7.421240943461527e-05
4.549730231186819	0.04652379032818854	7.407501349288026e-05
4.559159723893943	0.049967870929805924	7.393800264332562e-05
4.568589216601065	0.053815783272487705	7.38013754366662e-05
4.578018709308187	0.058132440908836736	7.366513042850187e-05
4.587448202015311	0.06299607040729749	7.352926618153788e-05
4.5968776947224335	0.06850153984522356	7.339378126669516e-05
4.606307187429557	0.07476466735982412	7.325867425933552e-05
4.6157366801366795	0.08192783911554435	7.31239437443687e-05
4.625166172843803	0.09016738792252155	7.298958831025715e-05
4.6345956655509255	0.09970335257200635	7.285560655501122e-05
4.644025158258049	0.11081247019802232	7.272199708130422e-05
4.6534546509651715	0.12384556827970383	7.258875849913693e-05
4.662884143672295	0.1392509341857573	7.24558894249494e-05
4.6723136363794175	0.15760574170860409	7.232338848162101e-05
4.681743129086541	0.17965812969443462	7.219125429824835e-05
4.691172621793664	0.20638279203408882	7.205948551125552e-05
4.700602114500786	0.2390522055597467	7.19280807626177e-05
4.71003160720791	0.27932198965230015	7.17970387003053e-05
4.719461099915032	0.3293177894709792	7.166635797961618e-05
4.728890592622156	0.39168220804867315	7.153603726184343e-05
4.738320085329278	0.46947269690644977	7.140607521383124e-05
4.747749578036402	0.5656607112125107	7.127647050975128e-05
4.757179070743524	0.6817472346014333	7.114722182888222e-05
4.766608563450648	0.8148152600955312	7.101832785738615e-05
4.77603805615777	0.9528829057077072	7.088978728675421e-05
4.785467548864894	1.0712040367261395	7.076159881580502e-05
4.794897041572016	1.1368318978719054	7.063376114779807e-05
4.80432653427914	1.1263560800977692	7.050627299332035e-05
4.813756026986262	1.0437999315186264	7.0379133068732e-05
4.823185519693384	0.9172862435281572	7.025234009527814e-05
4.832615012400508	0.778815481939121	7.012589280108728e-05
4.84204450510763	0.6496887118170067	6.999978992006106e-05
4.851473997814754	0.5389895865151351	6.987403019209637e-05
4.860903490521876	0.44806692630097444	6.97486123621971e-05
4.870332983229	0.37481874118624015	6.962353518158437e-05
4.879762475936122	0.3161636870135991	6.949879740680842e-05
4.889191968643246	0.2691285638387555	6.937439780130283e-05
4.898621461350368	0.23120725956862764	6.925033513272005e-05
4.908050954057492	0.20040644434181853	6.912660817537386e-05
4.917480446764614	0.17518116907023773	6.900321570846302e-05
4.926909939471738	0.15434600219309613	6.888015651718149e-05
4.93633943217886	0.1369928518629273	6.875742939271845e-05
4.945768924885982	0.12242397250637638	6.863503313070396e-05
4.955198417593106	0.11010022796783658	6.851296653298533e-05
4.964627910300228	0.09960211694249566	6.839122840673895e-05
4.974057403007352	0.09060071811003534	6.826981756447026e-05
4.983486895714474	0.08283608838115875	6.814873282467993e-05
4.992916388421598	0.0761011744090927	6.802797301008745e-05
5.00234588112872	0.07022977835838506	6.790753694940754e-05
5.011775373835844	0.06508750373234184	6.778742347712807e-05
5.021204866542966	0.06056489780474428	6.766763143239984e-05
5.03063435925009	0.05657222084161462	6.754815965948069e-05
5.040063851957212	0.05303542721036136	6.742900700817955e-05
5.049493344664336	0.04989305520689091	6.731017233363445e-05
5.058922837371458	0.0470938029725777	6.719165449631248e-05
5.06835233007858	0.04459462606064901	6.707345236089957e-05
5.077781822785704	0.04235923441942502	6.695556479763276e-05
5.0872113154928265	0.04035689733430847	6.683799068274432e-05
5.09664080819995	0.0385614874393867	6.67207288964633e-05
5.1060703009070725	0.036950711564154526	6.660377832456987e-05
5.115499793614196	0.03550548855036184	6.648713785661897e-05
5.1249292863213185	0.03420944342098786	6.6370806389493e-05
5.134358779028442	0.033048494241341486	6.625478282273889e-05
5.1437882717355645	0.032010513282215824	6.613906606212083e-05
5.153217764442688	0.031085048112103775	6.602365501806595e-05
5.1626472571498105	0.030263091327476732	6.590854860544226e-05
5.172076749856934	0.029536890009826844	6.57937457446689e-05
5.181506242564057	0.02889978784762548	6.567924535993974e-05
5.190935735271179	0.02834609430833468	6.556504638144389e-05
5.200365227978303	0.027870976385664936	6.545114774358929e-05
5.209794720685425	0.02747036935231939	6.533754838500272e-05
5.219224213392549	0.027140903673140926	6.522424725030618e-05
5.228653706099671	0.02687984581949432	6.511124328700824e-05
5.238083198806795	0.026685051205135757	6.499853544905676e-05
5.247512691513917	0.026554927861829114	6.488612269417438e-05
5.256942184221041	0.026488409809422464	6.47740039845246e-05
5.266371676928163	0.026484939366084648	6.466217828737797e-05
5.275801169635287	0.026544457903130647	6.455064457377979e-05
5.285230662342409	0.026667404786699822	6.443940182077057e-05
5.294660155049533	0.026854724475615654	6.432844900872148e-05
5.304089647756655	0.027107881970467984	6.421778512244458e-05
5.313519140463777	0.027428887042797	6.410740915185897e-05
5.322948633170901	0.027820327925032196	6.39973200906585e-05
5.332378125878023	0.0282854154224762	6.38875169378661e-05
5.341807618585147	0.028828038730798533	6.377799869561329e-05
5.351237111292269	0.029452834621274238	6.36687643718048e-05
5.360666603999393	0.03016527211011233	6.355981297789803e-05
5.370096096706515	0.03097175528100915	6.345114352956926e-05
5.379525589413639	0.03187974761154122	6.334275504737974e-05
5.388955082120761	0.032897922002772084	6.323464655544342e-05
5.398384574827885	0.03403634177795989	6.312681708275925e-05
5.407814067535007	0.03530667926681064	6.301926566254501e-05
5.417243560242131	0.036722480314343775	6.291199133134917e-05
5.426673052949253	0.03829948526526794	6.280499313149335e-05
5.436102545656375	0.040056019833586864	6.269827010818574e-05
5.445532038363499	0.0420134729858489	6.259182131085339e-05
5.454961531070621	0.04419688383483644	6.248564579358629e-05
5.464391023777745	0.04663566595529789	6.237974261424917e-05
5.473820516484867	0.04936450604060327	6.227411083514767e-05
5.483250009191991	0.05242448517557485	6.216874952258422e-05
5.492679501899113	0.05586448625965379	6.206365774619194e-05
5.502108994606237	0.05974297175007359	6.195883458004481e-05
5.511538487313359	0.06413024397786604	6.185427910287977e-05
5.520967980020483	0.06911133873724606	6.174999039654239e-05
5.530397472727605	0.0747897557707804	6.164596754687501e-05
5.539826965434729	0.0812923029427457	6.154220964482704e-05
5.549256458141851	0.08877543235258634	6.143871578334625e-05
5.558685950848973	0.09743358739163432	6.133548506070952e-05
5.568115443556097	0.10751027431655535	6.123251657896844e-05
5.5775449362632195	0.11931283814143312	6.112980944306123e-05
5.586974428970343	0.13323227894915857	6.102736276303311e-05
5.5964039216774655	0.14976990039797744	6.092517565181588e-05
5.605833414384589	0.1695731100325889	6.082324722633814e-05
5.6152629070917115	0.19348315623031043	6.072157660774735e-05
5.624692399798835	0.2225975715115469	6.0620162920521636e-05
5.6341218925059575	0.2583484776081405	6.0519005292469785e-05
5.643551385213081	0.30259191397546104	6.0418102856507616e-05
5.6529808779202035	0.35768646497896384	6.031745474754935e-05
5.662410370627327	0.42649750180089796	6.021706010561623e-05
5.67183986333445	0.5121693247167795	6.011691807383812e-05
5.681269356041572	0.6173252689632696	6.001702779823148e-05
5.690698848748696	0.7420993831161184	5.991738842947569e-05
5.700128341455818	0.8803787530413332	5.98179991220249e-05
5.709557834162942	1.0149220806304309	5.971885903233165e-05
5.718987326870064	1.1160054768514414	5.961996732284369e-05
5.728416819577188	1.151679998811685	5.9521323157119e-05
5.73784631228431	1.1085372034522676	5.9422925703600527e-05
5.747275804991434	1.0026007392384424	5.932477413428394e-05
5.756705297698556	0.866446067354141	5.922686762449558e-05
5.76613479040568	0.7288033190585173	5.9129205352448366e-05
5.775564283112802	0.6056654112574574	5.903178650012997e-05
5.784993775819924	0.5023296329925715	5.8934610253968955e-05
5.794423268527048	0.4182889469253669	5.883767580194821e-05
5.80385276123417	0.35080799072781743	5.874098233760172e-05
5.813282253941294	0.29674712840378525	5.864452905535167e-05
5.822711746648416	0.253285294633636	5.854831515583747e-05
5.83214123935554	0.21811435025870196	5.845233984058673e-05
5.841570732062662	0.18942284597558812	5.8356602315789985e-05
5.851000224769786	0.16581454080220548	5.826110179096844e-05
5.860429717476908	0.14621958705188465	5.816583747808579e-05
5.869859210184032	0.1298176926208171	5.8070808592880496e-05
5.879288702891154	0.1159771920265622	5.797601435530986e-05
5.888718195598278	0.10420858786107479	5.788145398688549e-05
5.8981476883054	0.09412974792355788	5.778712671311581e-05
5.907577181012522	0.08544000722053258	5.769303176350604e-05
5.917006673719646	0.07790090689321272	5.759916836933776e-05
5.926436166426768	0.07132182630665906	5.750553576611139e-05
5.935865659133892	0.06554921088852517	5.741213319243599e-05
5.945295151841014	0.06045844523836952	5.731895988958513e-05
5.954724644548138	0.05594767950949586	5.722601510194103e-05
5.96415413725526	0.0519331057098773	5.7133298077660655e-05
5.973583629962384	0.048345316953970485	5.7040808068009596e-05
5.983013122669506	0.045126480999221785	5.694854432580776e-05
5.99244261537663	0.04222813030670958	5.6856506109426164e-05
6.001872108083752	0.039609422168002006	5.676469267879014e-05
6.011301600790876	0.037235759728556084	5.667310329648956e-05
6.020731093497998	0.03507769198852151	5.658173722888904e-05
6.03016058620512	0.03311003089607001	5.6490593745905926e-05
6.039590078912244	0.03131113847050748	5.639967211901187e-05
6.049019571619366	0.02966234792901945	5.630897162411941e-05
6.05844906432649	0.028147491062012753	5.621849153913949e-05
6.0678785570336125	0.026752510340501523	5.6128231145313734e-05
6.077308049740736	0.02546513897408831	5.603818972677033e-05
6.0867375424478585	0.024274635754379492	5.5948366570524044e-05
6.096167035154982	0.02317156429721734	5.585876096692033e-05
6.1055965278621045	0.02214760844444763	5.5769372208303025e-05
6.115026020569228	0.021195417254932902	5.5680199590790735e-05
6.1244555132763505	0.020308474318918024	5.55912424131666e-05
6.133885005983474	0.019480987154605667	5.550249997710033e-05
6.1433144986905965	0.018707793255157257	5.541397158648209e-05
6.152743991397719	0.01798427999662222	5.532565654853272e-05
6.162173484104843	0.01730631612952027	5.523755417358167e-05
6.171602976811965	0.016670192987149113	5.514966377440089e-05
6.181032469519089	0.01607257387392569	5.506198466664891e-05
6.190461962226211	0.01551045036395371	5.4974516168426746e-05
6.199891454933335	0.014981104456594174	5.4887257601166084e-05
6.209320947640457	0.014482075712326181	5.480020828851906e-05
6.218750440347581	0.014011132636516765	5.471336755746847e-05
6.228179933054703	0.013566247697283873	5.4626734737217575e-05
6.237609425761827	0.013145575461279368	5.454030915963415e-05
6.247038918468949	0.01274743341200324	5.4454090160360735e-05
6.256468411176073	0.012370285082269228	5.436807707570601e-05
6.265897903883195	0.012012725188219053	5.4282269246419546e-05
6.275327396590317	0.011673466498880347	5.4196666015249306e-05
6.284756889297441	0.011351328214267542	5.41112667276078e-05
6.294186382004563	0.011045225657817181	5.402607073112797e-05
6.303615874711687	0.010754161116565686	5.394107737721754e-05
6.313045367418809	0.010477215685812835	5.385628601906056e-05
6.322474860125933	0.010213541994784303	5.37716960122836e-05
6.331904352833055	0.009962357706599145	5.3687306714955696e-05
6.341333845540179	0.00972293970014848	5.360311748892066e-05
6.350763338247301	0.009494618853693626	5.351912769757661e-05
6.360192830954425	0.009276775360452905	5.34353367065421e-05
6.369622323661547	0.009068834515382318	5.335174388498842e-05
6.379051816368671	0.008870262920083638	5.326834860408525e-05
6.388481309075793	0.008680565059387746	5.318515023766679e-05
6.397910801782915	0.008499280208909665	5.310214816134362e-05
6.407340294490039	0.008325979637809122	5.301934175405698e-05
6.416769787197161	0.008160264075314783	5.29367303971906e-05
6.426199279904285	0.008001761413272246	5.285431347412661e-05
6.435628772611407	0.00785012462025847	5.277209037113373e-05
6.445058265318531	0.00770502984561372	5.269006047625702e-05
6.454487758025653	0.00756617469423726	5.260822318109426e-05
6.463917250732777	0.007433276655143151	5.2526577878353464e-05
6.473346743439899	0.007306071668696679	5.244512396385126e-05
6.482776236147023	0.00718431281908849	5.23638608365129e-05
6.492205728854145	0.0070677691401092035	5.228278789548568e-05
6.501635221561269	0.006956224523554044	5.220190454480189e-05
6.511064714268391	0.006849476720742653	5.2121210189381983e-05
6.520494206975513	0.0067473364286525506	5.204070423658891e-05
6.529923699682637	0.006649626453050672	5.196038609600606e-05
6.539353192389759	0.006556180941815093	5.188025518076955e-05
6.548782685096883	0.006466844682333495	5.1800310904681623e-05
6.5582121778040054	0.0063814724575053106	5.172055268487519e-05
6.567641670511129	0.006299928455429926	5.164097994025951e-05
6.577071163218253	0.006222085728366578	5.156159209263045e-05
6.586500655925374	0.006147825697002451	5.1482388565338155e-05
6.5959301486324975	0.006077037696468612	5.140336878439733e-05
6.605359641339621	0.006009618560906427	5.1324532178043114e-05
6.614789134046745	0.005945472243714667	5.124587817650905e-05
6.624218626753866	0.005884509470902577	5.116740621247118e-05
6.6336481194609895	0.005826647425246412	5.108911572127006e-05
6.643077612168113	0.005771809459184096	5.1011006139356496e-05
6.652507104875234	0.005719924834611589	5.09330769062899e-05
6.661936597582358	0.0056709284879461475	5.085532746385013e-05
6.671366090289482	0.00562476081900698	5.077775725492728e-05
6.6807955829966055	0.005581367502445644	5.070036572529801e-05
6.690225075703726	0.0055406993206059685	5.0623152323625575e-05
6.69965456841085	0.005502712016858702	5.054611649946139e-05
6.709084061117974	0.005467366168588228	5.046925770546551e-05
6.7185135538250975	0.005434627079148768	5.0392575395186157e-05
6.727943046532218	0.005404464688232302	5.031606902594632e-05
6.737372539239342	0.005376853500215328	5.023973805573512e-05
6.746802031946466	0.005351772530180154	5.0163581945206204e-05
6.756231524653586	0.005329205267410542	5.008760015723368e-05
6.76566101736071	0.0053091396562923165	5.0011792156468005e-05
6.775090510067834	0.005291568094664578	4.993615741022417e-05
6.784520002774958	0.005276487449782152	4.986069538692739e-05
6.793949495482078	0.0052638990921789475	4.9785405558111506e-05
6.803378988189202	0.005253808947850658	4.971028739575445e-05
6.812808480896326	0.005246227569296158	4.963534037583095e-05
6.82223797360345	0.005241170226114811	4.9560563975425964e-05
6.83166746631057	0.005238657015993131	4.9485957672956715e-05
6.841096959017694	0.005238712997073125	4.941152094950496e-05
6.850526451724818	0.00524136834287936	4.933725328903904e-05
6.859955944431942	0.005246658521157244	4.926315417552729e-05
6.869385437139062	0.0052546244981810375	4.918922309626872e-05
6.878814929846186	0.005265312970320402	4.911545954033869e-05
6.88824442255331	0.005278776624897397	4.904186299881097e-05
6.89767391526043	0.005295074432637326	4.8968432964313635e-05
6.907103407967554	0.005314271974333984	4.8895168931473165e-05
6.916532900674678	0.005336441804672631	4.8822070397136486e-05
6.925962393381802	0.005361663856554344	4.874913686037097e-05
6.935391886088922	0.005390025889677297	4.8676367820910116e-05
6.944821378796046	0.005421623987626911	4.8603762782262194e-05
6.95425087150317	0.005456563108257484	4.853132124726933e-05
6.963680364210294	0.005494957692779856	4.8459042723436596e-05
6.973109856917414	0.0055369323396536885	4.838692671871314e-05
6.982539349624538	0.005582622550187599	4.831497274238039e-05
6.991968842331662	0.005632175553651919	4.824318030660635e-05
7.0013983350387825	0.00568575122074666	4.817154892489128e-05
7.010827827745906	0.0057435230754389055	4.810007811273387e-05
7.02025732045303	0.005805679416559739	4.8028767388075266e-05
7.029686813160154	0.005872424562088696	4.795761626930073e-05
7.0391163058672745	0.005943980230864732	4.788662427768209e-05
7.0485457985743984	0.006020587078520601	4.781579093626753e-05
7.057975291281522	0.006102506406845731	4.7745115768771385e-05
7.067404783988646	0.006190022068543577	4.7674598302682725e-05
7.076834276695767	0.006283442592588839	4.760423806526859e-05
7.0862637694028905	0.006383103559130743	4.7534034586682594e-05
7.095693262110014	0.006489370257281024	4.746398739841062e-05
7.105122754817138	0.006602640664238768	4.739409603438105e-05
7.114552247524259	0.006723348790224293	4.732436002985452e-05
7.1239817402313825	0.006851968440757972	4.7254778920979845e-05
7.133411232938506	0.006989017456142221	4.7185352246792434e-05
7.142840725645627	0.0071350624978583355	4.711607954810404e-05
7.152270218352751	0.007290724463255849	4.70469603666146e-05
7.161699711059875	0.0074566846237731355	4.69779942458004e-05
7.1711292037669985	0.007633691598470271	4.690918073180228e-05
7.180558696474119	0.007822569294407833	4.6840519371649236e-05
7.189988189181243	0.008024225969128551	4.677200971436868e-05
7.199417681888367	0.008239664599009044	4.670365131009824e-05
7.2088471745954905	0.008469994771703737	4.6635443711418034e-05
7.218276667302611	0.00871644636261526	4.656738647224046e-05
7.227706160009735	0.008980385306065264	4.649947914825425e-05
7.237135652716859	0.009263331833722077	4.643172129625839e-05
7.246565145423979	0.009566981628697846	4.636411247571637e-05
7.255994638131103	0.009893230436936795	4.629665224675783e-05
7.265424130838227	0.010244202792705437	4.622934017128877e-05
7.274853623545351	0.010622285657752917	4.6162175813435624e-05
7.284283116252471	0.011030167951574077	4.6095158738657105e-05
7.293712608959595	0.011470887172721156	4.602828851374419e-05
7.303142101666719	0.011947884590832625	4.596156470704216e-05
7.312571594373843	0.012465070842415216	4.589498688911675e-05
7.322001087080963	0.01302690421204189	4.5828554631199836e-05
7.331430579788087	0.01363848445321203	4.5762267507631904e-05
7.340860072495211	0.014305665737864182	4.569612509186527e-05
7.350289565202335	0.015035193271618175	4.5630126961571094e-05
7.359719057909455	0.015834869342331803	4.556427269442054e-05
7.369148550616579	0.016713756176070405	4.5498561870083165e-05
7.378578043323703	0.017682425084866615	4.543299406911672e-05
7.388007536030823	0.01875326418009049	4.536756887474347e-05
7.397437028737947	0.019940860635869084	4.530228587085183e-05
7.406866521445071	0.02126247845501772	4.523714464332862e-05
7.416296014152195	0.022738659384445192	4.517214477939291e-05
7.425725506859315	0.024393983705645494	4.5107285867374e-05
7.435154999566439	0.02625804001388321	4.5042567498043695e-05
7.444584492273563	0.02836667010061711	4.497798926283991e-05
7.454013984980687	0.030763578503208322	4.491355075519898e-05
7.463443477687807	0.03350242875525722	4.4849251569445414e-05
7.472872970394931	0.03664959341972174	4.478509130212416e-05
7.482302463102055	0.040287787425820065	4.472106955089039e-05
7.4917319558091755	0.04452090025860711	4.465718591450951e-05
7.501161448516299	0.04948045937866419	4.4593439993967365e-05
7.510590941223423	0.055334311208635745	4.4529831391137975e-05
7.520020433930547	0.06229829664547126	4.446635970900559e-05
7.5294499266376675	0.07065190207281469	4.4403024553218984e-05
7.538879419344791	0.08075899768601924	4.4339825529426946e-05
7.548308912051915	0.09309458425158201	4.427676224594279e-05
7.557738404759039	0.10827731570484977	4.4213834311968014e-05
7.56716789746616	0.12710389397404076	4.415104133759229e-05
7.5765973901732835	0.1505717017263486	4.408838293534778e-05
7.586026882880407	0.17985287820053242	4.40258587179887e-05
7.595456375587528	0.21613378905688396	4.396346830115583e-05
7.604885868294652	0.2601474151106473	4.390121130004587e-05
7.6143153610017755	0.3111380990589594	4.3839087332964155e-05
7.623744853708899	0.3651309154070559	4.377709601910418e-05
7.63317434641602	0.41328605594257595	4.371523697788149e-05
7.642603839123144	0.44294123655867357	4.3653509831598214e-05
7.652033331830268	0.44381507896766315	4.3591914202778526e-05
7.6614628245373915	0.4156022290541719	4.353044971661113e-05
7.670892317244512	0.3682270631200455	4.3469115998284735e-05
7.680321809951636	0.3144248151369491	4.3407912674764404e-05
7.68975130265876	0.263297393791756	4.334683937479156e-05
7.6991807953658835	0.2190398688522739	4.3285895727995793e-05
7.708610288073004	0.18252707527234446	4.3225081365561024e-05
7.718039780780128	0.15307195714972743	4.316439591955934e-05
7.727469273487252	0.1294969371330228	4.310383902406123e-05
7.736898766194372	0.11062401689494172	4.3043410313581276e-05
7.746328258901496	0.09544604429269254	4.2983109425298593e-05
7.75575775160862	0.0831569055396042	4.2922935995726164e-05
7.765187244315744	0.07313021591660651	4.286288966448559e-05
7.774616737022864	0.06488507839020485	4.2802970071642576e-05
7.784046229729988	0.05805332534796803	4.274317685859508e-05
7.793475722437112	0.05235245769485419	4.268350966807333e-05
7.802905215144236	0.04756462232219927	4.262396814436187e-05
7.812334707851356	0.04352073468850004	4.256455193196729e-05
7.82176420055848	0.04008863354877312	4.250526067828275e-05
7.831193693265604	0.037164277299931436	4.244609403070143e-05
7.840623185972724	0.034665194635734364	4.2387051637726714e-05
7.850052678679848	0.032525594444492434	4.2328133150526526e-05
7.859482171386972	0.03069269590279755	4.226933822004675e-05
7.868911664094096	0.029123958397588634	4.2210666499231664e-05
7.878341156801216	0.027784978426013573	4.215211764235782e-05
7.88777064950834	0.02664788421441222	4.209369130392382e-05
7.897200142215464	0.025690104736765917	4.2035387140204605e-05
7.906629634922588	0.024893422986328684	4.197720480991762e-05
7.916059127629708	0.024243247387835343	4.1919143970892137e-05
7.925488620336832	0.023728052757789775	4.1861204283177855e-05
7.934918113043956	0.02333895510836237	4.18033854083788e-05
7.94434760575108	0.023069394190950332	4.1745687008543086e-05
7.9537770984582	0.022914904953392323	4.168810874793927e-05
7.963206591165324	0.02287296474027256	4.163065029039181e-05
7.972636083872448	0.022942907617162778	4.157331130194564e-05
7.9820655765795685	0.023125901044113162	4.1516091450644055e-05
7.991495069286692	0.023424983581826098	4.1458990403642204e-05
8.000924561993816	0.023845165665109747	4.14020078309818e-05
8.01035405470094	0.024393598990239296	4.1345143403148654e-05
8.01978354740806	0.02507982402060449	4.1288396791960835e-05
8.029213040115184	0.025916109850738778	4.123176766968051e-05
8.038642532822308	0.026917906598856733	4.1175255711012326e-05
8.048072025529432	0.02810443817009367	4.111886059110503e-05
8.057501518236553	0.029499473389785313	4.106258198555146e-05
8.066931010943676	0.031132327175179775	4.1006419572608976e-05
8.0763605036508	0.033039162027578506	4.09503730303129e-05
8.08578999635792	0.0352646856904979	4.0894442038252876e-05
8.095219489065045	0.03786437612990645	4.08386262773508e-05
8.104648981772169	0.04090741390346264	4.0782925429638794e-05
8.114078474479292	0.044480569667504355	4.0727339177815125e-05
8.123507967186413	0.0486933875975788	4.0671867206354406e-05
8.132937459893537	0.053685131289692656	4.0616509199731254e-05
8.14236695260066	0.05963412310967975	4.056126484464073e-05
8.151796445307784	0.06677030795477101	4.0506133828444035e-05
8.161225938014905	0.075392076718372	4.045111583939054e-05
8.170655430722029	0.08588848520949122	4.0396210567061885e-05
8.180084923429153	0.0987676981139014	4.034141770214994e-05
8.189514416136277	0.11469100298566648	4.028673693579066e-05
8.198943908843397	0.13450722561923034	4.023216796156248e-05
8.20837340155052	0.1592706724650721	4.017771047215568e-05
8.217802894257645	0.1901983694079481	4.012336416292506e-05
8.227232386964765	0.22846566878691577	4.0069128729891546e-05
8.236661879671889	0.2746451489492987	4.001500386952017e-05
8.246091372379013	0.3275186853667921	3.996098928027436e-05
8.255520865086137	0.3822210262270038	3.990708466061754e-05
8.264950357793257	0.4288050877476681	3.98532897107895e-05
8.274379850500381	0.4541670531787929	3.97996041314741e-05
8.283809343207505	0.4491868186426198	3.9746027625575664e-05
8.293238835914629	0.41573030106043607	3.969255989488829e-05
8.302668328621749	0.36510392428291727	3.963920064475879e-05
8.312097821328873	0.30997350534885726	3.9585949579645785e-05
8.321527314035997	0.2586876093247541	3.9532806406006316e-05
8.330956806743117	0.21476559714540144	3.947977083029741e-05
8.340386299450241	0.17869669641456642	3.942684256119655e-05
8.349815792157365	0.14962846445242928	3.937402130738121e-05
8.359245284864489	0.126333794263509	3.9321306779527276e-05
8.36867477757161	0.10763409914894218	3.926869868831062e-05
8.378104270278733	0.09253777861755075	3.921619674596144e-05
8.387533762985857	0.08025675803039056	3.916380066493197e-05
8.396963255692981	0.07018041868387859	3.911151016033898e-05
8.406392748400101	0.061840252623061254	3.905932494596698e-05
8.415822241107225	0.05487731785294514	3.9007244738487046e-05
8.425251733814349	0.049015752884165265	3.895526925479231e-05
8.434681226521473	0.04404233893277465	3.890339821244204e-05
8.444110719228593	0.03979110898076832	3.885163133077185e-05
8.453540211935717	0.036131875400062574	3.879996832889532e-05
8.462969704642841	0.032961700283942186	3.874840892770237e-05
8.472399197349961	0.030198542099148185	3.869695284919317e-05
8.481828690057085	0.027776502624099253	3.8645599815589904e-05
8.49125818276421	0.02564225019748978	3.859434955089114e-05
8.500687675471333	0.02375231009114387	3.854320177865134e-05
8.510117168178454	0.022070997133302184	3.849215622531155e-05
8.519546660885577	0.020568826831880327	3.844121261664668e-05
8.528976153592701	0.01922128533126899	3.8390370679985963e-05
8.538405646299825	0.018007870313919483	3.83396301435468e-05
8.547835139006946	0.01691133791747501	3.8288990736212725e-05
8.55726463171407	0.01591710739382357	3.82384521879775e-05
8.566694124421193	0.015012787381428971	3.818801422994511e-05
8.576123617128314	0.01418779656977942	3.813767659366363e-05
8.585553109835438	0.013433058108422768	3.8087439012235436e-05
8.594982602542562	0.012740751995441668	3.803730121831883e-05
8.604412095249685	0.012104113329920452	3.798726294745869e-05
8.613841587956806	0.011517267058866354	3.793732393408966e-05
8.62327108066393	0.010975091928090874	3.788748391531094e-05
8.632700573371054	0.010473107930565106	3.7837742627333526e-05
8.642130066078177	0.010007382759944727	3.778809980903297e-05
8.651559558785298	0.00957445371320631	3.773855519839664e-05
8.660989051492422	0.009171262212411158	3.768910853563234e-05
8.670418544199546	0.0087950986818639	3.763975956161403e-05
8.679848036906666	0.008443555960875315	3.7590508017437685e-05
8.68927752961379	0.008114489782272694	3.754135364508748e-05
8.698707022320914	0.007805985123963799	3.749229618832395e-05
8.708136515028038	0.00751632746148978	3.744333539068556e-05
8.717566007735158	0.007243978125942796	3.739447099793125e-05
8.726995500442282	0.006987553113356526	3.7345702754487675e-05
8.736424993149406	0.006745804806050026	3.7297030408112164e-05
8.74585448585653	0.006517606159062828	3.724845370545182e-05
8.75528397856365	0.006301936980215084	3.7199972394930114e-05
8.764713471270774	0.006097871993892667	3.715158622585868e-05
8.774142963977898	0.005904570429149603	3.710329494754916e-05
8.783572456685022	0.005721266914254786	3.705509831153364e-05
8.793001949392142	0.00554726349412582	3.700699606845603e-05
8.802431442099266	0.00538192261550452	3.6958987971402735e-05
8.81186093480639	0.005224660948384807	3.6911073773460146e-05
8.82129042751351	0.0050749439318922285	3.68632532283808e-05
8.830719920220634	0.0049322809493270725	3.6815526090805406e-05
8.840149412927758	0.004796221050908045	3.6767892116706946e-05
8.849578905634882	0.004666349154415883	3.67203510620584e-05
8.859008398342002	0.004542282663753561	3.66729026846091e-05
8.868437891049126	0.0044236684537688475	3.6625546742108384e-05
8.87786738375625	0.004310180176743117	3.6578282993637856e-05
8.887296876463374	0.004201515851954163	3.6531111198057076e-05
8.896726369170494	0.004097395704849127	3.6484031116224e-05
8.906155861877618	0.0039975602267334764	3.643704250944069e-05
8.915585354584742	0.003901768429648955	3.639014513923122e-05
8.925014847291862	0.0038097962743239844	3.6343338768674016e-05
8.934444339998986	0.003721435251858418	3.6296623161291564e-05
8.94387383270611	0.0036364911022113144	3.624999808060636e-05
8.953303325413234	0.0035547826546038497	3.620346329280544e-05
8.962732818120354	0.0034761407767733843	3.6157018562521515e-05
8.972162310827478	0.0034004074215419067	3.6110663657495934e-05
8.981591803534602	0.0033274347605416477	3.606439834413777e-05
8.991021296241726	0.0032570843960932905	3.6018222390410415e-05
9.000450788948847	0.0031892266432933525	3.597213556605361e-05
9.00988028165597	0.0031237398752301804	3.592613763991892e-05
9.019309774363094	0.003060509925075783	3.588022838241223e-05
9.028739267070218	0.002999429539457088	3.5834407564827586e-05
9.038168759777339	0.002940397878149481	3.5788674958903144e-05
9.047598252484462	0.0028833200556432903	3.5743030337265225e-05
9.057027745191586	0.002828106720631496	3.569747347320629e-05
9.066457237898707	0.002774673669862393	3.5652004140240834e-05
9.07588673060583	0.002722941493186193	3.560662211388177e-05
9.085316223312955	0.0026728352469420624	3.5561327168975865e-05
9.094745716020078	0.002624284153122991	3.55161190819242e-05
9.104175208727199	0.0025772213220189855	3.5470997629794e-05
9.113604701434323	0.0025315834962622574	3.542596259009656e-05
9.123034194141447	0.0024873108144010114	3.538101374123137e-05
9.13246368684857	0.002444346592319846	3.533615086248609e-05
9.14189317955569	0.002402637120975548	3.529137373359248e-05
9.151322672262815	0.0023621314790718273	3.5246682134504326e-05
9.160752164969939	0.002322781359416437	3.5202075846951786e-05
9.170181657677059	0.0022845409078373624	3.515755465244297e-05
9.179611150384183	0.0022473665736175708	3.511311833381825e-05
9.189040643091307	0.002211216970520624	3.506876667458414e-05
9.19847013579843	0.0021760527475551683	3.502449945869124e-05
9.207899628505551	0.0021418364687022518	3.498031647031219e-05
9.217329121212675	0.0021085325009020384	3.493621749517395e-05
9.226758613919799	0.0020761069096559837	3.489220231944756e-05
9.236188106626923	0.002044527361652948	3.4848270729748165e-05
9.245617599334043	0.0020137630338898926	3.480442251357907e-05
9.255047092041167	0.0019837845287868916	3.476065745888768e-05
9.26447658474829	0.0019545637948559236	3.471697535406548e-05
9.273906077455415	0.0019260740525011144	3.467337598972442e-05
9.283335570162535	0.0018982897245827246	3.462985915470007e-05
9.292765062869659	0.0018711863713898325	3.45864246407146e-05
9.302194555576783	0.00184474062970863	3.4543072238379935e-05
9.311624048283903	0.0018189301556894577	3.449980174075051e-05
9.321053540991027	0.0017937335712465696	3.445661293999258e-05
9.330483033698151	0.0017691304137390507	3.44135056298267e-05
9.339912526405275	0.0017451010887066243	3.437047960375139e-05
9.349342019112395	0.0017216268254476308	3.4327534657485614e-05
9.35877151181952	0.0016986896352484404	3.4284670585860155e-05
9.368201004526643	0.0016762722720773393	3.424188718459398e-05
9.377630497233767	0.0016543581955861253	3.419918425096036e-05
9.387059989940887	0.0016329315362570984	3.4156561582010525e-05
9.396489482648011	0.0016119770625595553	3.4114018975905935e-05
9.405918975355135	0.0015914801499798958	3.407155623080804e-05
9.415348468062255	0.0015714267518076586	3.40291731468767e-05
9.42477796076938	0.001551803371559357	3.39868695229395e-05
