PARAMETERS	4	2.0	1.0	4	0	-6.828427124746
#OMEGA	VALUE
-9.42477796076938	6.821830331582568e-05	0.00013243404157248229
-9.415348468062257	6.833867469491217e-05	0.00013277111274057063
-9.405918975355133	6.845936678634423e-05	0.000133109698912115
-9.396489482648011	6.85803807372043e-05	0.0001334498270193496
-9.387059989940887	6.870171769901567e-05	0.00013379152659709348
-9.377630497233765	6.882337882863077e-05	0.0001341348301879819
-9.368201004526641	6.894536528800899e-05	0.00013447977383251875
-9.35877151181952	6.906767824510496e-05	0.00013482639764927917
-9.349342019112395	6.919031887164806e-05	0.00013517474653301775
-9.339912526405273	6.931328834625106e-05	0.00013552487099777188
-9.33048303369815	6.94365878519676e-05	0.00013587682819804492
-9.321053540991027	6.956021857740247e-05	0.00013623068317336617
-9.311624048283903	6.968418171671154e-05	0.00013658651037151692
-9.302194555576781	6.980847846893568e-05	0.00013694439552658366
-9.292765062869659	6.993311003911096e-05	0.00013730443798087855
-9.283335570162535	7.005807763782457e-05	0.00013766675357995695
-9.273906077455413	7.018338248010458e-05	0.00013803147830349083
-9.264476584748289	7.030902578808451e-05	0.00013839877284094193
-9.255047092041167	7.043500878833875e-05	0.00013876882840690996
-9.245617599334043	7.056133271365894e-05	0.0001391418741787387
-9.236188106626921	7.068799880172172e-05	0.00013951818687374384
-9.226758613919797	7.081500829642096e-05	0.00013989810317571738
-9.217329121212675	7.094236244742369e-05	0.00014028203597749034
-9.207899628505551	7.107006250972603e-05	0.00014067049575583468
-9.198470135798429	7.119810974476337e-05	0.0001410641189094619
-9.189040643091305	7.132650541841201e-05	0.0001414637055507928
-9.179611150384183	7.145525080409776e-05	0.00014187027016832054
-9.17018165767706	7.158434717968731e-05	0.0001422851097458988
-9.160752164969937	7.171379582904258e-05	0.00014270989530351663
-9.151322672262815	7.184359804335294e-05	0.00014314679410243336
-9.14189317955569	7.197375511824866e-05	0.00014359862992741057
-9.132463686848569	7.210426835535522e-05	0.00014406908526320983
-9.123034194141445	7.223513906340351e-05	0.00014456293509557128
-9.113604701434323	7.236636855623146e-05	0.00014508626173426187
-9.104175208727199	7.249795815433835e-05	0.00014564649872461644
-9.094745716020077	7.262990918377454e-05	0.00014625192235495632
-9.085316223312953	7.276222297680768e-05	0.00014690975589282118
-9.07588673060583	7.289490087281081e-05	0.00014762138098034505
-9.066457237898707	7.302794421604197e-05	0.000148372940174335
-9.057027745191585	7.316135435786464e-05	0.00014912245839693306
-9.047598252484462	7.329513265563747e-05	0.00014979440119056164
-9.038168759777339	7.34292804729364e-05	0.00015030294940832079
-9.028739267070216	7.356379917999867e-05	0.00015060565969093886
-9.019309774363093	7.369869015305675e-05	0.00015073757482730876
-9.00988028165597	7.383395477522647e-05	0.0001507827570010889
-9.000450788948847	7.396959443606299e-05	0.00015081958205254153
-8.991021296241724	7.41056105308946e-05	0.0001508935892513552
-8.9815918035346	7.42420044625991e-05	0.0001510209721562461
-8.972162310827478	7.437877764004952e-05	0.0001512014290299124
-8.962732818120354	7.451593147855817e-05	0.00015142807587653628
-8.953303325413232	7.46534674005428e-05	0.00015169264449643727
-8.94387383270611	7.479138683486042e-05	0.00015198759693579866
-8.934444339998986	7.492969121702941e-05	0.00015230672906429987
-8.925014847291864	7.506838198945154e-05	0.00015264516071056278
-8.91558535458474	7.520746060141192e-05	0.00015299912894306544
-8.906155861877618	7.534692850907909e-05	0.0001533657528138832
-8.896726369170494	7.548678717506085e-05	0.0001537428270170782
-8.887296876463372	7.562703806951454e-05	0.0001541286573127909
-8.877867383756248	7.576768266903677e-05	0.00015452193469411846
-8.868437891049126	7.590872245710756e-05	0.0001549216410170473
-8.859008398342002	7.605015892497846e-05	0.00015532697875109136
-8.84957890563488	7.619199357034034e-05	0.00015573731874263252
-8.840149412927756	7.633422789843358e-05	0.0001561521612662986
-8.830719920220634	7.64768634207158e-05	0.00015657110683786613
-8.82129042751351	7.661990165708232e-05	0.00015699383421385882
-8.811860934806388	7.67633441345339e-05	0.00015742008368846427
-8.802431442099266	7.690719238606647e-05	0.00015784964432463688
-8.793001949392142	7.705144795355778e-05	0.00015828234412196274
-8.78357245668502	7.719611238510282e-05	0.00015871804238631881
-8.774142963977896	7.734118723679018e-05	0.00015915662377330442
-8.764713471270774	7.748667407248e-05	0.00015959799359865912
-8.75528397856365	7.763257446224969e-05	0.00016004207412922966
-8.745854485856528	7.777888998550253e-05	0.00016048880162067292
-8.736424993149404	7.792562222763699e-05	0.00016093812395023832
-8.726995500442282	7.807277278248925e-05	0.0001613899986987466
-8.717566007735158	7.822034325122296e-05	0.00016184439160338293
-8.708136515028036	7.83683352432174e-05	0.00016230127528871208
-8.698707022320914	7.851675037517936e-05	0.00016276062823039616
-8.68927752961379	7.86655902713651e-05	0.00016322243390365365
-8.679848036906668	7.881485656469067e-05	0.00016368668007249454
-8.670418544199544	7.896455089539955e-05	0.0001641533582059651
-8.660989051492422	7.911467491172886e-05	0.00016462246298765137
-8.651559558785298	7.926523027013133e-05	0.0001650939919048966
-8.642130066078176	7.941621863438719e-05	0.00016556794490529825
-8.632700573371052	7.956764167738051e-05	0.0001660443241053855
-8.62327108066393	7.971950107954484e-05	0.00016652313354525994
-8.613841587956806	7.987179852975146e-05	0.0001670043789812059
-8.604412095249684	8.00245357241991e-05	0.00016748806770894298
-8.59498260254256	8.01777143690785e-05	0.00016797420841041522
-8.585553109835438	8.03313361774638e-05	0.0001684628110292241
-8.576123617128314	8.048540287064476e-05	0.000168953886658052
-8.566694124421192	8.063991618012523e-05	0.00016944744744651352
-8.55726463171407	8.079487784384831e-05	0.00016994350651966528
-8.547835139006946	8.095028960930506e-05	0.00017044207791161448
-8.538405646299823	8.110615323264625e-05	0.00017094317650534485
-8.5289761535927	8.126247047779422e-05	0.00017144681798431094
-8.519546660885577	8.141924311821924e-05	0.0001719530187898055
-8.510117168178454	8.15764729360513e-05	0.00017246179608498835
-8.500687675471331	8.173416172208015e-05	0.00017297316772690863
-8.491258182764208	8.189231127508911e-05	0.0001734871522396375
-8.481828690057085	8.205092340385356e-05	0.00017400376879539436
-8.472399197349961	8.220999992580857e-05	0.00017452303719855955
-8.46296970464284	8.236954266682694e-05	0.00017504497787257378
-8.453540211935717	8.252955346255142e-05	0.00017556961185150044
-8.444110719228593	8.269003415772858e-05	0.00017609696077247605
-8.434681226521471	8.285098660554269e-05	0.0001766270468728237
-8.425251733814347	8.30124126685039e-05	0.00017715989299027513
-8.415822241107225	8.317431421911436e-05	0.00017769552256208243
-8.406392748400101	8.333669313898007e-05	0.00017823395962879296
-8.39696325569298	8.349955131792264e-05	0.00017877522884224284
-8.387533762985855	8.366289065686594e-05	0.00017931935547044198
-8.378104270278733	8.382671306517153e-05	0.00017986636540889833
-8.36867477757161	8.399102046197093e-05	0.0001804162851914981
-8.359245284864487	8.415581477616563e-05	0.00018096914200316228
-8.349815792157365	8.432109794598297e-05	0.00018152496369694404
-8.340386299450241	8.448687191986437e-05	0.00018208377881112625
-8.330956806743117	8.465313865535506e-05	0.00018264561658654088
-8.321527314035995	8.481990012065843e-05	0.00018321050699032781
-8.312097821328873	8.498715829308168e-05	0.00018377848073725112
-8.302668328621749	8.51549151603681e-05	0.00018434956931656643
-8.293238835914627	8.532317272025303e-05	0.0001849238050199986
-8.283809343207503	8.549193298001967e-05	0.00018550122097082955
-8.274379850500381	8.566119795805349e-05	0.00018608185115809306
-8.264950357793257	8.583096968184378e-05	0.00018666573047099178
-8.255520865086135	8.600125018976001e-05	0.00018725289473664475
-8.246091372379011	8.617204153060776e-05	0.0001878433807647184
-8.236661879671889	8.634334576296254e-05	0.00018843722638828275
-8.227232386964765	8.651516495716827e-05	0.00018903447051576983
-8.217802894257643	8.668750119222857e-05	0.0001896351531798235
-8.20837340155052	8.686035655891544e-05	0.0001902393155983617
-8.198943908843397	8.703373315843699e-05	0.00019084700023164203
-8.189514416136275	8.720763310310353e-05	0.0001914582508508733
-8.18008492342915	8.738205851455128e-05	0.0001920731126103803
-8.170655430722029	8.7557011527295e-05	0.00019269163212420892
-8.161225938014905	8.773249428539742e-05	0.0001933138575518356
-8.151796445307783	8.790850894402347e-05	0.00019393983868987164
-8.142366952600659	8.80850576694403e-05	0.0001945696270724273
-8.132937459893537	8.82621426399055e-05	0.00019520327607991383
-8.123507967186413	8.843976604322457e-05	0.00019584084105783717
-8.11407847447929	8.861793008008156e-05	0.00019648237944824842
-8.104648981772169	8.879663696093054e-05	0.00019712795093096425
-8.095219489065045	8.897588890932617e-05	0.00019777761757944212
-8.08578999635792	8.915568815903718e-05	0.00019843144403353108
-8.076360503650799	8.933603695560066e-05	0.00019908949768532302
-8.066931010943676	8.951693755587797e-05	0.00019975184889009512
-8.057501518236553	8.969839222960907e-05	0.00020041857119235118
-8.04807202552943	8.988040325697e-05	0.0002010897415802848
-8.038642532822307	9.00629729310154e-05	0.00020176544076644376
-8.029213040115184	9.024610355523599e-05	0.00020244575349703808
-8.01978354740806	9.042979744666724e-05	0.00020313076890143833
-8.010354054700938	9.061405693344682e-05	0.00020382058087364818
-8.000924561993815	9.079888435614691e-05	0.0002045152885070678
-7.991495069286692	9.098428206733011e-05	0.00020521499657188969
-7.982065576579569	9.117025243221555e-05	0.00020591981606021825
-7.972636083872446	9.13567978282348e-05	0.0002066298647900311
-7.963206591165323	9.154392064547601e-05	0.000207345268092185
-7.9537770984582	9.173162328512952e-05	0.00020806615958313124
-7.944347605751077	9.191990816326268e-05	0.00020879268204065937
-7.934918113043954	9.210877770704506e-05	0.00020952498840043354
-7.925488620336832	9.229823435608075e-05	0.0002102632428864215
-7.916059127629708	9.248828056462877e-05	0.00021100762230563674
-7.906629634922586	9.267891879805035e-05	0.00021175831752806573
-7.897200142215463	9.287015153525147e-05	0.0002125155351873076
-7.88777064950834	9.306198126868281e-05	0.0002132794996370091
-7.878341156801217	9.325441050367367e-05	0.0002140504552154976
-7.868911664094094	9.344744175865394e-05	0.00021482866886723961
-7.859482171386971	9.364107756493212e-05	0.00021561443319240148
-7.850052678679848	9.383532046847165e-05	0.0002164080700086668
-7.840623185972725	9.403017302744843e-05	0.0002172099345170153
-7.831193693265602	9.422563781491533e-05	0.00021802042020824253
-7.821764200558479	9.44217174161377e-05	0.00021883996464566735
-7.812334707851356	9.461841443125785e-05	0.00021966905632297973
-7.802905215144234	9.48157314732967e-05	0.00022050824282238146
-7.79347572243711	9.501367117081827e-05	0.0002213581405670073
-7.784046229729988	9.521223616459906e-05	0.000222219446529337
-7.774616737022865	9.541142911029254e-05	0.00022309295235345417
-7.765187244315742	9.561125267865123e-05	0.0002239795614784601
-7.755757751608619	9.581170955286211e-05	0.00022488031000178488
-7.746328258901496	9.601280243209942e-05	0.00022579639223496706
-7.736898766194373	9.621453402886004e-05	0.00022672919219068888
-7.72746927348725	9.641690707162809e-05	0.00022768032259445903
-7.718039780780127	9.661992430221034e-05	0.00022865167351682203
-7.708610288073004	9.68235884775126e-05	0.00022964547338477637
-7.699180795365881	9.702790237020587e-05	0.0002306643660183738
-7.689751302658758	9.723286876650583e-05	0.00023171150857614897
-7.680321809951636	9.743849046883746e-05	0.0002327906969432636
-7.670892317244512	9.764477029428065e-05	0.0002339065274223895
-7.66146282453739	9.785171107501434e-05	0.00023506460675659646
-7.652033331830267	9.805931565853854e-05	0.00023627182693974902
-7.642603839123144	9.826758690922865e-05	0.00023753672739257325
-7.633174346416021	9.847652770478277e-05	0.00023886997555311318
-7.623744853708898	9.868614093999639e-05	0.0002402850085017061
-7.614315361001775	9.889642952498612e-05	0.0002417988936633808
-7.604885868294652	9.910739638629984e-05	0.00024343348627553496
-7.595456375587529	9.93190444651404e-05	0.0002452169837061646
-7.586026882880406	9.953137672069623e-05	0.00024718599555573206
-7.576597390173283	9.974439612636665e-05	0.0002493882443312945
-7.56716789746616	9.995810567331453e-05	0.00025188593289660055
-7.5577384047590375	0.00010017250836824587	0.0002547595346502618
-7.548308912051914	0.0001003876072349641	0.00025811098402672705
-7.538879419344791	0.00010060340531325984	0.00026206332871758775
-7.529449926637668	0.00010081990566046528	0.000266749654891818
-7.520020433930545	0.00010103711135012183	0.0002722760092375154
-7.510590941223422	0.00010125502547264631	0.0002786322270267316
-7.501161448516299	0.00010147365113599705	0.0002855260322387476
-7.491731955809176	0.00010169299146522981	0.00029217867460840097
-7.482302463102053	0.00010191304960271985	0.00029729814241674646
-7.47287297039493	0.00010213382870727372	0.00029956696358102164
-7.463443477687807	0.0001023553319567938	0.00029852646864458876
-7.454013984980684	0.00010257756254605788	0.00029495258678302605
-7.444584492273561	0.00010280052368716319	0.0002902396655946049
-7.435154999566439	0.00010302421861063671	0.0002855602973603766
-7.425725506859315	0.00010324865056543509	0.00028154262589241696
-7.416296014152193	0.00010347382281761242	0.0002783806066410932
-7.406866521445069	0.00010369973865231863	0.00027603975473766695
-7.397437028737947	0.00010392640137268927	0.00027440107273335457
-7.388007536030824	0.00010415381430028958	0.0002733327223263249
-7.378578043323701	0.00010438198077533656	0.00027271774467063636
-7.369148550616578	0.00010461090415692098	0.00027246106409273274
-7.359719057909455	0.00010484058782345151	0.0002724883785365506
-7.350289565202332	0.00010507103517110039	0.0002727426232687069
-7.340860072495209	0.0001053022496162459	0.00027318024486611137
-7.331430579788087	0.00010553423459480626	0.000273768014323883
-7.322001087080963	0.00010576699356046326	0.00027448051303125
-7.312571594373841	0.00010600052998799292	0.00027529822096106216
-7.303142101666717	0.0001062348473712671	0.00027620608679446157
-7.293712608959595	0.00010646994922347552	0.00027719246519364305
-7.284283116252471	0.00010670583907934628	0.000278248327415076
-7.274853623545349	0.00010694252049159303	0.00027936667345174193
-7.265424130838226	0.00010717999703424574	0.0002805420923770452
-7.255994638131103	0.00010741827230198453	0.00028177043187316286
-7.24656514542398	0.00010765734990880738	0.0002830485485685319
-7.237135652716857	0.00010789723349091673	0.0002843741185456494
-7.227706160009734	0.00010813792670361089	0.0002857454929960923
-7.218276667302611	0.00010837943322417054	0.0002871615880399858
-7.208847174595489	0.00010862175675074859	0.0002886218006408203
-7.199417681888365	0.00010886490100237012	0.0002901259446679294
-7.189988189181243	0.00010910886972026468	0.0002916742026997099
-7.180558696474119	0.00010935366666564583	0.0002932670902893175
-7.171129203766997	0.00010959929562281978	0.00029490543025989524
-7.161699711059874	0.00010984576039696492	0.00029659033521678424
-7.152270218352751	0.00011009306481590819	0.00029832319693245957
-7.142840725645628	0.00011034121272923691	0.00030010568164051676
-7.133411232938505	0.00011059020800807673	0.00030193973052838885
-7.123981740231382	0.00011084005454775614	0.000303827564972714
-7.114552247524259	0.0001110907562642538	0.00030577169622136857
-7.105122754817136	0.00011134231709752918	0.000307774939391825
-7.095693262110013	0.0001115947410097462	0.0003098404317889436
-7.0862637694028905	0.00011184803198638349	0.0003119716556636565
-7.076834276695767	0.00011210219403601229	0.00031417246565634827
-7.0674047839886445	0.00011235723119096264	0.0003164471212881992
-7.057975291281521	0.00011261314750665719	0.00031880032498055044
-7.0485457985743984	0.00011286994706249942	0.00032123726621846593
-7.039116305867275	0.00011312763396098546	0.0003237636726256543
-7.029686813160152	0.00011338621233036861	0.00032638586887934196
-7.020257320453029	0.00011364568632110661	0.00032911084459130713
-7.010827827745906	0.0001139060601094144	0.0003319463325164307
-7.001398335038783	0.00011416733789548772	0.00033490089870902295
-6.99196884233166	0.00011442952390439132	0.0003379840465844719
-6.982539349624537	0.00011469262238605893	0.00034120633722989346
-6.973109856917414	0.00011495663761529329	0.00034457952878685916
-6.963680364210292	0.0001152215738926543	0.000348116738301707
-6.954250871503168	0.00011548743554379293	0.00035183263017057875
-6.944821378796046	0.00011575422692011728	0.0003557436361534272
-6.935391886088922	0.0001160219523990147	0.00035986821304478944
-6.9259623933818	0.00011629061638296356	0.000364227145421836
-6.916532900674677	0.00011656022330175375	0.0003688439025788526
-6.907103407967554	0.00011683077761115435	0.0003737450608773951
-6.897673915260431	0.0001171022837931357	0.0003789608054010074
-6.888244422553308	0.0001173747463567576	0.00038452552820178454
-6.878814929846185	0.00011764816983816928	0.00039047854472396004
-6.869385437139062	0.00011792255880016533	0.0003968649555281534
-6.859955944431939	0.00011819791783307387	0.00040373668755866454
-6.850526451724816	0.00011847425155520064	0.0004111537584254865
-6.841096959017694	0.00011875156461216285	0.00041918581921707165
-6.83166746631057	0.00011902986167733332	0.0004279140471343812
-6.822237973603448	0.00011930914745295063	0.00043743348008651317
-6.812808480896324	0.00011958942666812078	0.00044785591305296357
-6.803378988189202	0.00011987070408214784	0.00045931351302730405
-6.793949495482079	0.00012015298448275757	0.0004719633591301342
-6.784520002774956	0.00012043627268543133	0.0004859931818963492
-6.775090510067833	0.00012072057353584853	0.0005016286675952886
-6.76566101736071	0.00012100589190944255	0.0005191428193347392
-6.756231524653587	0.00012129223271073464	0.0005388680401630097
-6.746802031946464	0.00012157960087333386	0.0005612118433813151
-6.737372539239342	0.00012186800136237963	0.0005866774281606535
-6.727943046532218	0.0001221574391720992	0.0006158908202422708
-6.718513553825096	0.00012244791932758403	0.0006496369148498715
-6.709084061117972	0.00012273944688523386	0.0006889076283211892
-6.69965456841085	0.00012303202693098036	0.0007349665210900636
-6.690225075703726	0.00012332566458361782	0.0007894357137150365
-6.680795582996604	0.00012362036499236062	0.0008544125554976745
-6.671366090289481	0.00012391613333773144	0.0009326247961627399
-6.661936597582358	0.0001242129748328935	0.00102763238768655
-6.652507104875235	0.00012451089472320653	0.0011440773798592208
-6.643077612168112	0.00012480989828511646	0.001287960536109578
-6.633648119460989	0.00012510999082948615	0.0014668608271968253
-6.624218626753866	0.0001254111776987088	0.0016898617448859454
-6.6147891340467435	0.0001257134642684843	0.001966614826987012
-6.60535964133962	0.0001260168559478192	0.002304350012239942
-6.5959301486324975	0.00012632135817991497	0.00270086579966633
-6.586500655925374	0.0001266269764410577	0.0031318788282854726
-6.5770711632182515	0.00012693371624172833	0.0035364482172282052
-6.567641670511128	0.0001272415831270468	0.00381780816724131
-6.5582121778040054	0.00012755058267699404	0.003883325503965196
-6.548782685096882	0.00012786072050552377	0.0037087293553186296
-6.539353192389759	0.0001281720022621169	0.0033581189926676913
-6.529923699682636	0.00012848443363200346	0.0029338248525716537
-6.520494206975513	0.00012879802033594068	0.0025175770387664276
-6.51106471426839	0.00012911276812999084	0.0021512512202459533
-6.501635221561267	0.00012942868280707565	0.0018466089042845635
-6.492205728854145	0.0001297457701969762	0.001600101221089778
-6.482776236147021	0.00013006403616455664	0.0014027611676459273
-6.473346743439899	0.00013038348661376098	0.0012450013734441878
-6.463917250732775	0.00013070412748472648	0.0011184171696712042
-6.454487758025653	0.00013102596475511596	0.0010162056529063879
-6.445058265318529	0.0001313490044407839	0.0009330535630780457
-6.435628772611407	0.0001316732525955544	0.0008648732062577213
-6.426199279904284	0.00013199871531277552	0.0008085334102021502
-6.416769787197161	0.00013232539872287674	0.0007616320453889269
-6.407340294490038	0.0001326533089962556	0.0007223174449755287
-6.397910801782915	0.00013298245234327766	0.0006891528652710477
-6.388481309075792	0.00013331283501227809	0.0006610151477535187
-6.379051816368669	0.00013364446329333646	0.0006370193463454132
-6.369622323661547	0.00013397734351627832	0.0006164626508671223
-6.360192830954423	0.00013431148205067522	0.0005987825213644715
-6.350763338247301	0.00013464688530806512	0.0005835252647212741
-6.341333845540177	0.00013498355974106424	0.0005703222975537159
-6.331904352833055	0.00013532151184336705	0.0005588720898827004
-6.322474860125931	0.0001356607481508565	0.0005489263304487846
-6.313045367418809	0.00013600127524227013	0.0005402792491739916
-6.303615874711686	0.0001363430997372017	0.0005327593166644107
-6.294186382004563	0.00013668622829965393	0.0005262227458988633
-6.28475688929744	0.00013703066763670613	0.0005205483698480506
-6.275327396590317	0.0001373764244980702	0.0005156335768992104
-6.265897903883194	0.000137723505678089	0.0005113910650580422
-6.256468411176071	0.00013807191801529228	0.0005077462341347427
-6.247038918468949	0.0001384216683926187	0.000504635078241833
-6.237609425761825	0.000138772763738082	0.0005020024730983952
-6.228179933054703	0.0001391252110245489	0.0004998007767575974
-6.218750440347579	0.00013947901727129342	0.0004979886805926981
-6.209320947640457	0.00013983418954333082	0.0004965302612358613
-6.199891454933333	0.00014019073495163958	0.0004953941947372087
-6.190461962226211	0.00014054866065449367	0.0004945531023716754
-6.181032469519088	0.00014090797385679643	0.0004939830038086512
-6.171602976811965	0.0001412686818111908	0.0004936628582770108
-6.162173484104842	0.0001416307918187254	0.0004935741781864067
-6.152743991397719	0.00014199431122752237	0.0004937007026872831
-6.143314498690596	0.00014235924743566386	0.0004940281210394915
-6.133885005983473	0.00014272560788963773	0.000494543837556094
-6.1244555132763505	0.00014309340008455962	0.0004952367714023964
-6.115026020569227	0.00014346263156728156	0.000496097185744615
-6.1055965278621045	0.00014383330993261723	0.0004971165417340107
-6.096167035154981	0.00014420544282844894	0.0004982873735883686
-6.0867375424478585	0.00014457903795150884	0.0004996031816915103
-6.077308049740735	0.00014495410305137568	0.0005010583411628744
-6.0678785570336125	0.00014533064592892053	0.000502648023773089
-6.058449064326489	0.00014570867443719493	0.0005043681314464976
-6.049019571619366	0.0001460881964829852	0.0005062152398940256
-6.039590078912243	0.00014646922002459206	0.0005081865511626926
-6.03016058620512	0.00014685175307516118	0.0005102798540976838
-6.020731093497997	0.00014723580370135103	0.0005124934919036317
-6.011301600790874	0.00014762138002466507	0.0005148263361245409
-6.001872108083752	0.00014800849022056362	0.0005172777665150008
-5.992442615376628	0.00014839714252157243	0.0005198476563765819
-5.983013122669506	0.00014878734521417414	0.0005225363630450008
-5.973583629962382	0.0001491791066419168	0.0005253447233066755
-5.96415413725526	0.00014957243520541397	0.0005282740536074471
-5.954724644548137	0.0001499673393621226	0.0005313261550048409
-5.945295151841014	0.00015036382762723122	0.0005345033228945084
-5.935865659133891	0.0001507619085741041	0.0005378083616180973
-5.926436166426768	0.0001511615908345032	0.0005412446041461738
-5.917006673719645	0.00015156288309903232	0.0005448159371230776
-5.907577181012522	0.00015196579411913547	0.0005485268316380854
-5.898147688305399	0.00015237033270509848	0.0005523823802064953
-5.888718195598276	0.00015277650772893558	0.000556388340548386
-5.879288702891154	0.0001531843281217249	0.0005605511868844726
-5.86985921018403	0.00015359380287893742	0.0005648781696123706
-5.860429717476908	0.00015400494105599627	0.000569377384405767
-5.851000224769784	0.0001544177517720513	0.0005740578519655148
-5.841570732062662	0.00015483224420886899	0.0005789296098965835
-5.832141239355539	0.00015524842761216462	0.0005840038184474761
-5.822711746648416	0.00015566631129204644	0.0005892928821926713
-5.813282253941293	0.00015608590462345973	0.0005948105901136813
-5.80385276123417	0.0001565072170459647	0.0006005722770154875
-5.794423268527047	0.00015693025806595706	0.0006065950097724482
-5.784993775819924	0.00015735503725600175	0.0006128978025963239
-5.775564283112801	0.00015778156425461098	0.0006195018663366358
-5.766134790405678	0.00015820984876935285	0.0006264308978503053
-5.756705297698556	0.00015863990057507493	0.0006337114167298541
-5.747275804991432	0.00015907172951568072	0.0006413731582004534
-5.73784631228431	0.00015950534550479567	0.0006494495329114613
-5.728416819577186	0.000159940758524435	0.0006579781666953277
-5.718987326870064	0.0001603779786290005	0.0006670015363121617
-5.709557834162941	0.0001608170159421718	0.0006765677208955267
-5.700128341455818	0.00016125788066112534	0.0006867312934415448
-5.690698848748695	0.0001617005830543139	0.0006975543825828989
-5.681269356041572	0.00016214513346302084	0.0007091079423611202
-5.671839863334449	0.00016259154230269246	0.0007214732772775623
-5.662410370627326	0.0001630398200627159	0.000734743882220501
-5.652980877920203	0.00016348997730708525	0.0007490276727730727
-5.64355138521308	0.0001639420246755119	0.0007644497021301877
-5.6341218925059575	0.00016439597288386842	0.0007811554879564309
-5.624692399798834	0.00016485183272507697	0.0007993151082146266
-5.6152629070917115	0.00016530961506933117	0.0008191282723277737
-5.605833414384588	0.00016576933086409618	0.0008408306371361363
-5.5964039216774655	0.00016623099113766138	0.0008647017218488262
-5.5869744289703425	0.00016669460699603178	0.0008910748906758581
-5.5775449362632195	0.00016716018962625867	0.0009203500274745924
-5.5681154435560964	0.00016762775029643961	0.0009530097396870385
-5.558685950848973	0.00016809730035549642	0.0009896402216857947
-5.54925645814185	0.00016856885123495147	0.0010309583123451205
-5.539826965434727	0.00016904241445048207	0.001077846842581609
-5.530397472727605	0.00016951800160036612	0.001131401146939881
-5.520967980020481	0.00016999562436814664	0.001192990690177309
-5.511538487313359	0.0001704752945217436	0.0012643412365453965
-5.502108994606235	0.0001709570239158964	0.0013476449748830444
-5.492679501899113	0.00017144082449171982	0.0014457085758248223
-5.483250009191989	0.00017192670827870238	0.0015621521911575176
-5.473820516484867	0.00017241468739381816	0.0017016752682612601
-5.464391023777744	0.00017290477404330318	0.0018704056805500802
-5.454961531070621	0.00017339698052354358	0.0020763414506559386
-5.445532038363498	0.00017389131922218581	0.0023298651726921804
-5.436102545656375	0.0001743878026172485	0.0026442267942963227
-5.426673052949252	0.00017488644328000902	0.0030356771314039577
-5.417243560242129	0.00017538725387500342	0.003522448266511269
-5.407814067535006	0.00017589024716002655	0.004120807259453629
-5.398384574827883	0.00017639543598857443	0.004834938745315043
-5.38895508212076	0.00017690283330940026	0.005636793361794901
-5.379525589413638	0.0001774124521682907	0.0064377034607348005
-5.370096096706515	0.00017792430570762185	0.0070742963570920026
-5.360666603999392	0.00017843840716991188	0.007355409753140085
-5.351237111292269	0.00017895476989449044	0.007178874769476984
-5.341807618585146	0.00017947340732327177	0.006613031587562546
-5.332378125878023	0.00017999433299742407	0.005840917818100921
-5.3229486331709	0.0001805175605611442	0.005038749708299761
-5.313519140463777	0.00018104310376165778	0.0043113537101417965
-5.304089647756654	0.00018157097644877496	0.0036973464132310507
-5.294660155049531	0.00018210119257844326	0.003197380110305126
-5.285230662342408	0.00018263376621230343	0.002796643352708017
-5.275801169635285	0.00018316871151768943	0.002476846763076246
-5.266371676928162	0.00018370604277140323	0.002221167903809551
-5.25694218422104	0.00018424577435705025	0.0020157052808409404
-5.247512691513917	0.0001847879207692582	0.0018495004330352227
-5.238083198806794	0.00018533249661323303	0.001714092232693254
-5.228653706099671	0.000185879516605425	0.0016029958577288284
-5.219224213392548	0.0001864289955761933	0.0015112420789111791
-5.209794720685425	0.00018698094846825164	0.0014350085194019258
-5.200365227978302	0.0001875353903404431	0.0013713372820740588
-5.190935735271179	0.00018809233636729594	0.001317923029581003
-5.181506242564056	0.00018865180183991193	0.0012729552047172632
-5.172076749856933	0.0001892138021686307	0.0012350007121229023
-5.16264725714981	0.00018977835288236378	0.001202916463203474
-5.153217764442687	0.0001903454696299267	0.001175783869981073
-5.143788271735564	0.00019091516818292575	0.0011528594802756587
-5.1343587790284415	0.00019148746443509168	0.0011335375237129242
-5.1249292863213185	0.00019206237440339002	0.0011173212916844033
-5.1154997936141955	0.00019263991423046356	0.001103801109258562
-5.1060703009070725	0.0001932201001855205	0.001092637258887308
-5.0966408081999495	0.00019380294866433445	0.0010835466497480795
-5.0872113154928265	0.00019438847619213107	0.001076292340386864
-5.0777818227857034	0.00019497669942292184	0.0010706752502640526
-5.06835233007858	0.00019556763514239073	0.0010665275622203652
-5.058922837371457	0.00019616130026900436	0.0010637074401447233
-5.049493344664334	0.00019675771185423407	0.0010620947764738986
-5.040063851957211	0.0001973568870843323	0.001061587751391757
-5.030634359250088	0.0001979588432821089	0.0010621000359247734
-5.021204866542965	0.00019856359790715317	0.0010635585090843502
-5.011775373835843	0.00019917116855894257	0.001065901387983459
-5.00234588112872	0.00019978157297639854	0.0010690766918426409
-4.992916388421597	0.00020039482904010697	0.0010730409776702476
-4.983486895714474	0.0002010109547736505	0.0010777582984771161
-4.974057403007351	0.0002016299683438305	0.001083199345035979
-4.964627910300228	0.00020225188806488603	0.001089340740154432
-4.955198417593105	0.00020287673239693937	0.0010961644607121457
-4.945768924885982	0.00020350451994843866	0.001103657367679034
-4.936339432178859	0.00020413526947904437	0.0011118108283330042
-4.926909939471736	0.00020476899989785302	0.0011206204180955748
-4.917480446764613	0.0002054057302691703	0.0011300856920319902
-4.90805095405749	0.0002060454798096245	0.0011402100182165142
-4.898621461350368	0.0002066882678930515	0.0011510004669557095
-4.889191968643245	0.00020733411405071678	0.0011624677514143755
-4.879762475936122	0.00020798303797175954	0.001174626216477348
-4.870332983228999	0.00020863505950718952	0.0011874938738911656
-4.860903490521876	0.00020929019866966492	0.0012010924827621228
-4.851473997814753	0.00020994847563571284	0.00121544767551085
-4.84204450510763	0.0002106099107470616	0.001230589130341242
-4.832615012400507	0.00021127452451263906	0.0012465507922605479
-4.823185519693384	0.000211942337609905	0.0012633711456795371
-4.813756026986261	0.0002126133708868494	0.0012810935426983416
-4.804326534279138	0.00021328764536399092	0.0012997665923411006
-4.794897041572015	0.00021396518223526506	0.0013194446173052654
-4.785467548864892	0.0002146460028698005	0.0013401881862655785
-4.77603805615777	0.00021533012881502778	0.0013620647314624978
-4.766608563450647	0.00021601758179645714	0.0013851492633092377
-4.757179070743524	0.0002167083837214534	0.0014095251960555277
-4.747749578036401	0.00021740255667945796	0.0014352853013475109
-4.738320085329278	0.00021810012294487535	0.0014625328098103463
-4.728890592622155	0.00021880110497840555	0.0014913826847857692
-4.719461099915032	0.00021950552542993051	0.001521963097158796
-4.710031607207909	0.00022021340713807014	0.0015544171360668546
-4.700602114500786	0.00022092477313528924	0.0015889047974384507
-4.691172621793663	0.0002216396466474535	0.0016256053010630378
-4.68174312908654	0.00022235805109649398	0.0016647197977066597
-4.672313636379417	0.0002230800101032937	0.0017064745411490279
-4.662884143672294	0.00022380554748813175	0.0017511246166417305
-4.6534546509651715	0.00022453468727401393	0.001798958338059764
-4.6440251582580485	0.0002252674536882271	0.001850302452080399
-4.6345956655509255	0.0002260038711652257	0.0019055283205939855
-4.6251661728438025	0.00022674396434729793	0.0019650592942583867
-4.6157366801366795	0.0002274877580876744	0.0020293795432106965
-4.6063071874295565	0.00022823527745252647	0.0020990446790409845
-4.5968776947224335	0.00022898654772429694	0.0021746945898222236
-4.5874482020153105	0.00022974159440103392	0.0022570690236769497
-4.578018709308187	0.0002305004432026081	0.0023470266044991472
-4.568589216601064	0.00023126312006893635	0.0024455681577892907
-4.559159723893941	0.00023202965116553287	0.002553865480994233
-4.549730231186818	0.0002328000628846194	0.002673297033311206
-4.540300738479695	0.0002335743818469016	0.002805492475159932
-4.530871245772573	0.00023435263490534375	0.0029523885999276356
-4.52144175306545	0.00023513484914627902	0.003116300029799568
-4.512012260358327	0.00023592105189318424	0.003300009177183094
-4.502582767651204	0.00023671127070712394	0.0035068815214236437
-4.493153274944081	0.00023750553339230152	0.0037410143833842557
-4.483723782236958	0.00023830386799605918	0.004007430331264716
-4.474294289529835	0.00023910630281243073	0.004312330443892121
-4.464864796822712	0.00023991286638502807	0.004663428334139796
-4.455435304115589	0.0002407235875097058	0.005070393672859774
-4.446005811408466	0.00024153849523655957	0.005545444648699771
-4.436576318701343	0.00024235761887259066	0.006104143032078069
-4.42714682599422	0.0002431809879863689	0.006766463502209108
-4.417717333287097	0.0002440086324080326	0.007558229167253794
-4.408287840579975	0.00024484058223439575	0.008513021414350064
-4.398858347872852	0.0002456768678307242	0.009674665376282698
-4.389428855165729	0.0002465175198345104	0.011100312311066673
-4.379999362458606	0.00024736256915658394	0.012863863893206373
-4.370569869751483	0.0002482120469862181	0.015058725302991682
-4.36114037704436	0.0002490659847931287	0.01779702279350759
-4.351710884337237	0.0002499244143310264	0.021198354476422487
-4.342281391630114	0.0002507873676396155	0.025353537911880997
-4.332851898922991	0.00025165487704903455	0.03023916229967405
-4.323422406215868	0.00025252697518229894	0.0355623857769547
-4.313992913508745	0.0002534036949597418	0.04057948866551886
-4.304563420801622	0.000254285069599236	0.044098717099387175
-4.295133928094499	0.0002551711326237438	0.044963726325036424
-4.285704435387377	0.0002560619178613166	0.04285014109857177
-4.276274942680254	0.00025695745944998016	0.03853262814085334
-4.266845449973131	0.0002578577918406211	0.033276863222683195
-4.257415957266008	0.0002587629498016497	0.028104421260462198
-4.247986464558885	0.0002596729684203325	0.023543587978561042
-4.238556971851762	0.000260587883108343	0.01974584287842318
-4.229127479144639	0.0002615077296048707	0.016669730478317435
-4.219697986437516	0.00026243254398017335	0.0142048625434823
-4.210268493730393	0.00026336236263868606	0.012232386525206529
-4.20083900102327	0.00026429722232390596	0.010647849135767551
-4.191409508316147	0.00026523716012172294	0.009366610235252315
-4.181980015609024	0.0002661822134644165	0.008322530860840116
-4.1725505229019015	0.0002671324201335423	0.0074647183340541545
-4.1631210301947785	0.0002680878182659274	0.006754188087603197
-4.1536915374876555	0.00026904844635633474	0.006161034604799331
-4.1442620447805325	0.00027001434326123785	0.005662208197436236
-4.1348325520734095	0.000270985548203706	0.005239826810871762
-4.1254030593662865	0.0002719621007782891	0.0048799135742900734
-4.1159735666591635	0.0002729440409536821	0.004571457780605748
-4.1065440739520405	0.0002739314090778322	0.00430571629584775
-4.0971145812449175	0.0002749242458826018	0.004075692054321012
-4.087685088537794	0.000275922592487321	0.0038757426779751913
-4.078255595830671	0.00027692649040456097	0.0037012848703306123
-4.068826103123548	0.00027793598154346455	0.0035485695880792534
-4.059396610416425	0.00027895110821440916	0.0034145098041049593
-4.049967117709303	0.00027997191313566816	0.003296547595245114
-4.04053762500218	0.00028099843943540925	0.003192550833661656
-4.031108132295057	0.0002820307306576897	0.0031007323191072356
-4.021678639587934	0.0002830688307682294	0.003019586041745015
-4.012249146880811	0.00028411278415707564	0.0029478366127542177
-4.002819654173688	0.00028516263564681843	0.0028843988857136793
-3.9933901614665652	0.0002862184304943671	0.002828345517275954
-3.983960668759442	0.0002872802143984998	0.002778880752986157
-3.974531176052319	0.0002883480335045263	0.0027353191246441977
-3.965101683345196	0.0002894219344078408	0.0026970680461397833
-3.955672190638073	0.0002905019641621376	0.0026636135215925005
-3.94624269793095	0.00029158817028274164	0.002634508352052478
-3.936813205223827	0.00029268060075327007	0.0026093623588359094
-3.927383712516705	0.00029377930403029495	0.0025878342429512813
-3.917954219809582	0.00029488432905022677	0.002569624778518298
-3.908524727102459	0.00029599572523353324	0.0025544710990954567
-3.899095234395336	0.0002971135424925109	0.002542141883584037
-3.889665741688213	0.00029823783123550385	0.0025324332859195664
-3.88023624898109	0.00029936864237334326	0.002525165482442304
-3.870806756273967	0.0003005060273260085	0.002520179734427641
-3.861377263566844	0.00030165003802817836	0.0025173358820840264
-3.851947770859721	0.0003028007269367805	0.0025165102014295115
-3.842518278152598	0.00030395814703454427	0.0025175935676282624
-3.833088785445475	0.0003051223518404367	0.0025204898782320573
-3.823659292738352	0.000306293395412105	0.002525114697769837
-3.814229800031229	0.0003074713323556466	0.002531394091690231
-3.804800307324107	0.0003086562178307162	0.0025392636230208154
-3.795370814616984	0.000309848107558075	0.002548667489547407
-3.7859413219098608	0.00031104705782580844	0.002559557782974231
-3.7765118292027378	0.00031225312549754136	0.002571893854586671
-3.7670823364956147	0.0003134663680182115	0.0025856417744982707
-3.7576528437884917	0.00031468684342250697	0.0026007738737101604
-3.7482233510813687	0.0003159146103410837	0.002617268360049607
-3.7387938583742457	0.00031714972800922503	0.0026351090006169198
-3.7293643656671227	0.000318392256273059	0.002654284864713752
-3.7199348729599997	0.0003196422555991063	0.002674790122428883
-3.7105053802528767	0.00032089978707983136	0.0026966238950782984
-3.7010758875457537	0.00032216491244319023	0.0027197901546677228
-3.6916463948386316	0.00032343769406040224	0.002744297670393303
-3.6822169021315085	0.00032471819495327736	0.002770160001020594
-3.6727874094243855	0.00032600647880354217	0.0027973955327533773
-3.6633579167172625	0.00032730260996061133	0.0028260275629838905
-3.6539284240101395	0.0003286066534500254	0.0028560844310865363
-3.6444989313030165	0.00032991867498299854	0.0028875996982178354
-3.6350694385958935	0.0003312387409639683	0.0029206123789509153
-3.6256399458887705	0.00033256691849992137	0.002955167228488209
-3.6162104531816475	0.0003339032754101634	0.0029913150902258767
-3.6067809604745245	0.00033524788023431285	0.0030291133095898815
-3.5973514677674014	0.000336600802243181	0.003068626221373938
-3.5879219750602784	0.0003379621114458775	0.0031099257193227814
-3.5784924823531554	0.0003393318786029109	0.003153091918459694
-3.5690629896460333	0.00034071017523173985	0.003198213922725901
-3.5596334969389103	0.00034209707362009567	0.0032453907129326165
-3.5502040042317873	0.0003434926468350863	0.003294732172951953
-3.5407745115246643	0.0003448969687316339	0.0033463602755283706
-3.5313450188175413	0.00034631011396601963	0.0034004104532989743
-3.5219155261104182	0.00034773215800387725	0.0034570331856517145
-3.5124860334032952	0.00034916317713151734	0.0035163958382098404
-3.5030565406961722	0.00035060324846813984	0.0035786847992103077
-3.493627047989049	0.00035205244997471574	0.003644107966230159
-3.484197555281926	0.0003535108604666437	0.003712897648010305
-3.474768062574803	0.0003549785596250743	0.0037853139600771968
-3.46533856986768	0.0003564556280073461	0.003861648810203455
-3.455909077160557	0.0003579421470600863	0.003942230591360452
-3.446479584453435	0.0003594381991309792	0.004027429726893628
-3.437050091746312	0.0003609438674805343	0.004117665246775815
-3.427620599039189	0.0003624592362931889	0.004213412616940859
-3.418191106332066	0.00036398439069196264	0.004315213098623261
-3.408761613624943	0.00036551941675067035	0.0044236849848414694
-3.39933212091782	0.00036706440150546804	0.004539537151475592
-3.389902628210697	0.0003686194329697301	0.004663585477164278
-3.380473135503574	0.00037018460014581756	0.004796772838177921
-3.371043642796451	0.000371759993039511	0.004940193583230723
-3.361614150089328	0.00037334570267488765	0.005095123655007194
-3.352184657382205	0.00037494182110475727	0.005263057872100685
-3.342755164675082	0.00037654844142998023	0.005445756347728481
-3.333325671967959	0.0003781656578087933	0.005645302642639405
-3.323896179260837	0.0003797935654745732	0.005864177088611644
-3.314466686553714	0.0003814322607509357	0.006105349859558795
-3.305037193846591	0.00038308184106505827	0.006372399927303651
-3.2956077011394678	0.00038474240496455536	0.006669668184533073
-3.2861782084323448	0.0003864140521319115	0.007002455981760747
-3.2767487157252218	0.00038809688340202264	0.007377284434036402
-3.2673192230180987	0.0003897910007770733	0.007802235554205339
-3.2578897303109757	0.00039149650744363385	0.008287404158513811
-3.2484602376038527	0.00039321350778931397	0.00884550031159781
-3.2390307448967297	0.000394942107419638	0.009492656635019414
-3.2296012521896067	0.0003966824131751423	0.010249513619514428
-3.2201717594824837	0.00039843453314936106	0.011142678411317775
-3.2107422667753607	0.00040019857670703374	0.012206673788116351
-3.2013127740682386	0.0004019746545012026	0.013486499314671274
-3.1918832813611155	0.0004037628784931968	0.015040875368878659
-3.1824537886539925	0.00040556336197017373	0.016946030841917037
-3.1730242959468695	0.00040737621956399295	0.019299285300217295
-3.1635948032397465	0.00040920156727319856	0.022220132150151173
-3.1541653105326235	0.0004110395224792285	0.025843001007834654
-3.1447358178255005	0.000412890203969285	0.030288814683631315
-3.1353063251183775	0.0004147537319558747	0.035591645563635255
-3.1258768324112545	0.0004166302280967926	0.04155181206842329
-3.1164473397041315	0.00041851981551843664	0.04752685478026686
-3.1070178469970084	0.00042042261883512566	0.05232213460682689
-3.0975883542898854	0.00042233876417197	0.054524265068501276
-3.0881588615827624	0.00042426837918796423	0.053356750192682934
-3.0787293688756403	0.0004262115930968591	0.04929781866864891
-3.0692998761685173	0.0004281685366924748	0.04368927483335827
-3.0598703834613943	0.0004301393423695732	0.037839221038635684
-3.0504408907542713	0.00043212414415094713	0.032532935198294144
-3.0410113980471483	0.00043412307770851477	0.028063616784036127
-3.0315819053400253	0.0004361362803910751	0.0244401351647916
-3.0221524126329022	0.0004381638912462904	0.021554653511555277
-3.0127229199257792	0.0004402060510499961	0.019272468474532345
-3.003293427218656	0.00044226290232884935	0.017469273447587974
-2.993863934511533	0.0004443345893896389	0.01604223466267518
-2.98443444180441	0.000446421258344154	0.01491028393807503
-2.975004949097287	0.00044852305713916074	0.014010865383573101
-2.965575456390165	0.0004506401355808265	0.013296090575594555
-2.956145963683042	0.00045277264536802697	0.012729327988794004
-2.946716470975919	0.00045492074011654893	0.01228246983365533
-2.937286978268796	0.00045708457539217484	0.011933838075869896
-2.927857485561673	0.00045926430873977075	0.011666612844149715
-2.91842799285455	0.0004614600997132623	0.011467662645873733
-2.908998500147427	0.00046367210990694296	0.011326675027360622
-2.899569007440304	0.0004659005029881147	0.011235509061495175
-2.890139514733181	0.00046814544472995046	0.011187710927539452
-2.880710022026058	0.0004704071030421364	0.011178149477416244
-2.871280529318935	0.0004726856480068431	0.011202740391796695
-2.861851036611812	0.0004749812519113661	0.011258236098163898
-2.852421543904689	0.0004772940892845412	0.011342064825867082
-2.842992051197567	0.0004796243369309394	0.011452206645985008
-2.833562558490444	0.0004819721739668381	0.011587097570220029
-2.824133065783321	0.00048433778185863474	0.011745555117282369
-2.814703573076198	0.00048672134445904014	0.0119267204519381
-2.8052740803690748	0.0004891230480457143	0.012130013442425813
-2.7958445876619518	0.0004915430813605681	0.012355097895077272
-2.7864150949548288	0.0004939816356490656	0.012601854902183907
-2.7769856022477057	0.0004964389047004136	0.012870362745565522
-2.7675561095405827	0.0004989150848899726	0.013160882180543787
-2.7581266168334597	0.0005014103752198906	0.013473846216643937
-2.7486971241263367	0.0005039249773630683	0.013809853736637123
-2.7392676314192137	0.0005064590957057913	0.014169666472263032
-2.7298381387120907	0.0005090129373932495	0.014554208996266027
-2.7204086460049686	0.000511586712374168	0.014964571505985402
-2.7109791532978456	0.0005141806334483245	0.015402015271200997
-2.7015496605907225	0.0005167949163109586	0.015867980703950124
-2.6921201678835995	0.0005194297796045078	0.016364098085298373
-2.6826906751764765	0.0005220854449641266	0.016892201057399525
-2.6732611824693535	0.0005247621370700895	0.017454343061971578
-2.6638316897622305	0.0005274600836981946	0.01805281698168759
-2.6544021970551075	0.0005301795157712785	0.018690178321955075
-2.6449727043479845	0.0005329206674116183	0.019369272360339584
-2.6355432116408615	0.0005356837759971089	0.020093265792947124
-2.6261137189337385	0.0005384690822145544	0.02086568352541729
-2.6166842262266155	0.0005412768301156223	0.021690451395463883
-2.6072547335194924	0.0005441072671767966	0.02257194577986721
-2.5978252408123703	0.0005469606443542219	0.02351505123839659
-2.5883957481052473	0.0005498372161465426	0.024525227589054843
-2.5789662553981243	0.0005527372406548547	0.025608588104223173
-2.5695367626910013	0.0005556609796428802	0.026771990879583152
-2.5601072699838783	0.000558608698604246	0.028023145874823463
-2.5506777772767553	0.0005615806668233247	0.02937074067980283
-2.5412482845696323	0.0005645771574440683	0.030824588751413806
-2.5318187918625092	0.0005675984475355111	0.0323958047329711
-2.5223892991553862	0.0005706448181621582	0.03409701255936515
-2.5129598064482632	0.000573716554453263	0.035942593432891634
-2.50353031374114	0.0005768139456738819	0.03794898251295553
-2.494100821034017	0.000579937285299259	0.04013502541262426
-2.484671328326895	0.0005830868710896553	0.04252240848955857
-2.475241835619772	0.0005862630051645112	0.045136180664432146
-2.465812342912649	0.0005894659940830493	0.04800538937524479
-2.456382850205526	0.0005926961489224336	0.05116385966021686
-2.446953357498403	0.0005959537853579278	0.05465115377410512
-2.43752386479128	0.0005992392237474942	0.058513759897244166
-2.428094372084157	0.0006025527892159488	0.06280657338252382
-2.418664879377034	0.0006058948117413365	0.06759475397985049
-2.409235386669911	0.0006092656262424168	0.07295606950670397
-2.399805893962788	0.0006126655726701458	0.07898387320274769
-2.390376401255665	0.0006160949960998252	0.08579091232618552
-2.380946908548542	0.0006195542468241388	0.09351423478878007
-2.371517415841419	0.0006230436804497419	0.10232155633030615
-2.362087923134297	0.000626563657996293	0.11241958342090186
-2.352658430427174	0.0006301145459961521	0.12406497116854154
-2.343228937720051	0.0006336967165976315	0.13757885010389703
-2.333799445012928	0.0006373105476684682	0.15336620445631866
-2.324369952305805	0.0006409564229048481	0.17194185232059556
-2.3149404595986818	0.0006446347319402079	0.19396537917439916
-2.3055109668915588	0.0006483458704567013	0.22028807997871702
-2.2960814741844358	0.0006520902403008844	0.25201560740346096
-2.2866519814773127	0.0006558682495994006	0.29059008682375864
-2.2772224887701897	0.0006596803128795514	0.33789354543748207
-2.2677929960630667	0.0006635268511916426	0.3963671254099588
-2.2583635033559437	0.0006674082922344393	0.4691195011288638
-2.2489340106488207	0.0006713250704812879	0.5599452068771456
-2.2395045179416986	0.0006752776273135641	0.67305446085913
-2.2300750252345756	0.0006792664111532343	0.8120819170831055
-2.2206455325274526	0.0006832918775989683	0.977599498519151
-2.2112160398203295	0.0006873544895684702	1.1622688035183826
-2.2017865471132065	0.000691454717439477	1.3442836478202087
-2.1923570544060835	0.0006955930391976395	1.4848294619866655
-2.1829275616989605	0.0006997699405866253	1.5404080995722895
-2.1734980689918375	0.000703985915260219	1.4903103195600593
-2.1640685762847145	0.0007082414649417501	1.3533044557774563
-2.1546390835775915	0.0007125370995819669	1.1724238099576976
-2.1452095908704685	0.0007168733375271241	0.9872204617144543
-2.1357800981633455	0.0007212507056839623	0.8204268501279802
-2.1263506054562225	0.0007256697396937906	0.6799864072879247
-2.1169211127491003	0.0007301309841096781	0.5656037932254723
-2.1074916200419773	0.0007346349925756446	0.4737273251613008
-2.0980621273348543	0.0007391823280131771	0.4001431884372968
-2.0886326346277313	0.0007437735628086362	0.3410238456976131
-2.0792031419206083	0.0007484092790110974	0.29322306489076744
-2.0697736492134853	0.0007530900685264186	0.2542664879482963
-2.0603441565063623	0.0007578165333244069	0.22224532970909983
-2.0509146637992393	0.000762589285645987	0.19569678280980185
-2.0414851710921162	0.0007674089482172519	0.1734994991322527
-2.0320556783849932	0.0007722761544679546	0.15479035058584079
-2.0226261856778702	0.0007771915487566616	0.13890083172586198
-2.013196692970747	0.0007821557865990147	0.1253093769198692
-2.003767200263624	0.0007871695349050967	0.11360586926332417
-1.994337707556502	0.0007922334722205715	0.10346524766650766
-1.984908214849379	0.0007973482889722661	0.09462782502402423
-1.975478722142256	0.0008025146877246314	0.08688453835513599
-1.966049229435133	0.0008077333834384248	0.0800658265374512
-1.95661973672801	0.0008130051037367192	0.07403318574518036
-1.947190244020887	0.0008183305891795722	0.06867271169372313
-1.937760751313764	0.0008237105935438027	0.06389012511915393
-1.928331258606641	0.0008291458841114263	0.059606911950183195
-1.918901765899518	0.0008346372419625325	0.05575730701238335
-1.909472273192395	0.000840185462280596	0.052285920543327036
-1.900042780485272	0.0008457913546608964	0.0491458579751205
-1.890613287778149	0.0008514557434295966	0.04629722082563048
-1.881183795071026	0.0008571794679703704	0.043705904012086405
-1.8717543023639038	0.0008629633830603556	0.041342625216052475
-1.8623248096567808	0.0008688083592138796	0.039182137048308086
-1.8528953169496578	0.0008747152830341776	0.03720258408772259
-1.8434658242425348	0.0008806850575793224	0.035384975406368646
-1.8340363315354118	0.0008867186027314844	0.03371274967071858
-1.8246068388282888	0.0008928168555792926	0.03217141485355568
-1.8151773461211658	0.0008989807708124076	0.030748248388826838
-1.8057478534140428	0.0009052113211227564	0.02943204653527487
-1.7963183607069197	0.0009115094976175353	0.02821291399389403
-1.7868888679997967	0.0009178763102466458	0.027082086604756528
-1.7774593752926737	0.0009243127882367919	0.026031781347103156
-1.7680298825855507	0.0009308199805431183	0.02505506897051979
-1.7586003898784286	0.0009373989563064011	0.024145765460795943
-1.7491708971713056	0.0009440508053293328	0.02329833924224256
-1.7397414044641826	0.0009507766385621341	0.02250783157737324
-1.7303119117570596	0.0009575775886039306	0.021769788074690544
-1.7208824190499366	0.0009644548102143435	0.02108019957872531
-1.7114529263428135	0.0009714094808455087	0.020435451011361794
-1.7020234336356905	0.000978442801182311	0.019832276973657414
-1.6925939409285675	0.0009855559957043791	0.019267723113798096
-1.6831644482214445	0.0009927503132569626	0.018739112428076465
-1.6737349555143215	0.001000027027645567	0.018244015794609103
-1.6643054628071985	0.0010073874382428016	0.01778022614934094
-1.6548759701000755	0.0010148328706121035	0.01734573580499088
-1.6454464773929525	0.0010223646771534423	0.016938716489438344
-1.6360169846858303	0.0010299842377647916	0.01655750174336368
-1.6265874919787073	0.0010376929605226959	0.016200571370001526
-1.6171579992715843	0.0010454922823843749	0.015866537674446124
-1.6077285065644613	0.0010533836699107013	0.015554133267473569
-1.5982990138573383	0.0010613686200067196	0.015262200240621082
-1.5888695211502153	0.001069448660689254	0.014989680546130701
-1.5794400284430923	0.0010776253518738343	0.014735607438258969
-1.5700105357359693	0.0010859002861860478	0.01449909785191461
-1.5605810430288463	0.0010942750897988684	0.014279345611262206
-1.5511515503217232	0.0011027514232910818	0.014075615375194639
-1.5417220576146002	0.0011113309825372397	0.013887237238846772
-1.5322925649074772	0.0011200154996202638	0.013713601920895657
-1.5228630722003542	0.0011288067437733584	0.01355415647554814
-1.513433579493232	0.001137706522351456	0.013408400476021098
-1.504004086786109	0.0011467166818321939	0.01327588262324908
-1.494574594078986	0.0011558391088470898	0.013156197739549569
-1.485145101371863	0.0011650757312466897	0.01304898411228006
-1.47571560866474	0.0011744285191968018	0.0129539211571561
-1.466286115957617	0.001183899486310258	0.012870727375026147
-1.456856623250494	0.0011934906908139808	0.01279915857954883
-1.447427130543371	0.0012032042367546847	0.012739006376502715
-1.437997637836248	0.001213042275240106	0.012690096878410273
-1.428568145129125	0.0012230070057217546	0.012652289640846304
-1.4191386524220029	0.0012331006773198538	0.012625476809259295
-1.409709159714879	0.0012433255901864726	0.012609582467431935
-1.4002796670077569	0.0012536840969206153	0.01260456218084105
-1.390850174300633	0.00126417860402106	0.012610402730214965
-1.3814206815935108	0.001274811573392265	0.012627122032566218
-1.371991188886387	0.0012855855238997904	0.012654769248878095
-1.3625616961792648	0.0012965030329719074	0.012693425079552512
-1.353132203472141	0.0013075667382620448	0.012743202250642183
-1.3437027107650188	0.0013187793393596436	0.012804246195862845
-1.3342732180578967	0.0013301435995638489	0.01287673594144878
-1.3248437253507728	0.0013416623477138234	0.012960885203054495
-1.3154142326436506	0.0013533384800823445	0.013056943706237112
-1.3059847399365268	0.0013651749623331266	0.013165198744534479
-1.2965552472294046	0.0013771748315454246	0.01328597699188716
-1.2871257545222807	0.0013893411983094683	0.013419646589142076
-1.2776962618151586	0.001401677248893174	0.013566619527712431
-1.2682667691080347	0.0014141862474836842	0.013727354357188526
-1.2588372764009126	0.0014268715385066244	0.013902359247886409
-1.2494077836937887	0.0014397365490317338	0.014092195444048938
-1.2399782909866666	0.0014527847912555458	0.014297481148810798
-1.2305487982795427	0.0014660198650784384	0.014518895888176564
-1.2211193055724205	0.0014794454607711671	0.01475718540829729
-1.2116898128652984	0.0014930653617364342	0.01501316716844081
-1.2022603201581745	0.0015068834473712656	0.015287736501373272
-1.1928308274510524	0.001520903696031306	0.015581873523688339
-1.1834013347439285	0.0015351301881068036	0.0158966508911611
-1.1739718420368064	0.0015495671092047303	0.0162332425087941
-1.1645423493296825	0.0015642187534556928	0.01659293332227829
-1.1551128566225604	0.001579089526937194	0.016977130337527235
-1.1456833639154365	0.0015941839512256806	0.01738737503835508
-1.1362538712083143	0.0016095066670853697	0.017825357399926522
-1.1268243785011904	0.0016250624382891932	0.018292931728137063
-1.1173948857940683	0.0016408561555891765	0.018792134593562437
-1.1079653930869444	0.001656892840836699	0.019325205174345328
-1.0985359003798223	0.0016731776512590724	0.019894608376784362
-1.0891064076727002	0.0016897158839006554	0.02050306116740841
-1.0796769149655763	0.001706512980239161	0.021153562628170697
-1.0702474222584542	0.0017235745309751582	0.02184942834001724
-1.0608179295513303	0.0017409062810154197	0.022594329812940295
-1.0513884368442081	0.0017585141346456723	0.023392339817244645
-1.0419589441370842	0.0017764041609165115	0.024247984636613262
-1.032529451429962	0.0017945825992333742	0.025166304465760403
-1.0230999587228382	0.001813055865179214	0.02615292342280462
-1.013670466015716	0.001831830556564995	0.027214130950344417
-1.0042409733085922	0.001850913459730208	0.028356976753881824
-0.9948114806014701	0.0018703115560960715	0.029589381890292588
-0.9853819878943462	0.0018900320289887418	0.030920269196176298
-0.975952495187224	0.0019100822707445175	0.032359716967029106
-0.9665230024801019	0.001930469890107922	0.033919140703352335
-0.957093509772978	0.0019512027199395376	0.035611508881462584
-0.9476640170658559	0.001972288825247581	0.0374516001540115
-0.938234524358732	0.001993736511556321	0.03945631122925941
-0.9288050316516099	0.002015554333633096	0.04164502704039741
-0.919375538944486	0.0020377511045852614	0.04404006785916703
-0.9099460462373639	0.002060335905351929	0.04666723195014666
-0.90051655353024	0.0020833180946027152	0.04955645749937765
-0.8910870608231178	0.0021067073190692565	0.05274263428632753
-0.8816575681159939	0.0021305135243305795	0.056266604453793834
-0.8722280754088718	0.0021547469660720964	0.06017640352695519
-0.8627985827017479	0.0021794182218457525	0.06452880859524801
-0.8533690899946258	0.0022045382033555327	0.0693912817685034
-0.8439395972875037	0.0022301181692929717	0.07484442570964589
-0.8345101045803798	0.002256169738758196	0.08098510712186968
-0.8250806118732577	0.0022827049052880355	0.08793045760245755
-0.8156511191661338	0.0023097360515285104	0.09582303500741673
-0.8062216264590116	0.0023372759645867713	0.10483753045799116
-0.7967921337518877	0.002365337852093141	0.1151895475681064
-0.7873626410447656	0.0023939353590174406	0.12714717666585074
-0.7779331483376417	0.002423082585275793	0.14104635778701513
-0.7685036556305196	0.00245279410417254	0.1573113963616739
-0.7590741629233957	0.002483084981723671	0.17648248903891517
-0.7496446702162736	0.0025139707969072944	0.1992527433982776
-0.7402151775091497	0.002545467662897982	0.22651788771269987
-0.7307856848020275	0.0025775922493325165	0.2594424566672513
-0.7213561920949054	0.00261036180567209	0.29954607435085556
-0.7119266993877815	0.002643794185717363	0.3488108630465294
-0.7024972066806594	0.002677907873346541	0.4098018553143874
-0.6930677139735355	0.002712722009542645	0.4857669703765577
-0.6836382212664134	0.002748256420787243	0.5806209489763123
-0.6742087285592895	0.002784531648900135	0.6985801637008011
-0.6647792358521674	0.0028215689824078183	0.8429550124658881
-0.6553497431450435	0.0028593904895322098	1.0132640259156245
-0.6459202504379213	0.0028980190528979932	1.1999045135236452
-0.6364907577307974	0.002937478406056071	1.3776909335619765
-0.6270612650236753	0.002977793171939469	1.5052935592193943
-0.6176317723165514	0.003018988903367159	1.541207475684276
-0.6082022796094293	0.0030610921257165913	1.4718398481639836
-0.5987727869023072	0.003104130381905046	1.3226603735769196
-0.5893432941951833	0.0031481322798248	1.1380400430136897
-0.5799138014880612	0.0031931275423771055	0.9548089046633672
-0.5704843087809373	0.003239147060278391	0.7924765177898285
-0.5610548160738151	0.0032862229478149985	0.6569286889802051
-0.5516253233666912	0.003334388601725413	0.5469441769061341
-0.5421958306595691	0.0033836787634304866	0.45870012323018017
-0.5327663379524452	0.0034341295848132614	0.38800080165419537
-0.5233368452453231	0.003485778697792874	0.3311335887013156
-0.5139073525381992	0.0035386652879403346	0.28508106576861514
-0.5044778598310771	0.0035928301724090783	0.24748220307794466
-0.49504836712395317	0.003648315882467612	0.21651927630151513
-0.48561887441683105	0.003705166750953781	0.19079975549947203
-0.4761893817097089	0.0037634290049846086	0.169255571047505
-0.466759889002585	0.00382315086428453	0.15106373061867617
-0.4573303962954629	0.0038843826455323693	0.1355859625213689
-0.447900903588339	0.003947176873138503	0.12232355623475488
-0.4384714108812169	0.004011588396925836	0.11088376823423118
-0.429041918174093	0.0040776745171944295	0.10095483207899925
-0.41961242546697086	0.0041454951177153365	0.09228730775056171
-0.41018293275984696	0.004215112807228749	0.08468008915342473
-0.40075344005272484	0.004286593070071731	0.07796983956430492
-0.39132394734560094	0.0043600044266227655	0.07202295966117656
-0.3818944546384788	0.0044354186042889765	0.06672943676427856
-0.3724649619313567	0.004512910719846053	0.061998100219055274
-0.3630354692242328	0.004592559473994617	0.05775293491146183
-0.3536059765171107	0.004674447359077627	0.053930196578772405
-0.3441764838099868	0.004758660880989085	0.05047613893809744
-0.33474699110286465	0.004845290796385848	0.04734521091522659
-0.32531749839574076	0.00493443236642821	0.044498617548816455
-0.31588800568861863	0.005026185628371316	0.04190316411034356
-0.30645851298149474	0.005120655686463138	0.03953032220443653
-0.2970290202743726	0.0052179530237230765	0.03735547093934333
-0.2875995275672487	0.0053181938363418	0.03535727700092273
-0.2781700348601266	0.0054215003925894845	0.03351718557283356
-0.2687405421530027	0.0055280014183054504	0.03181900020513351
-0.25931104944588057	0.005637832511246055	0.030248534440973307
-0.24988155673875845	0.0057511365867826125	0.0287933216304479
-0.24045206403163455	0.005868064357682279	0.027442372159731
-0.23102257132451243	0.005988774850991696	0.026185969500545747
-0.22159307861738853	0.006113435965325431	0.0250154981873969
-0.2121635859102664	0.006242225072214724	0.023923298168314622
-0.2027340932031425	0.0063753296655317815	0.022902541032381762
-0.19330460049602038	0.00651294806343472	0.02194712445707725
-0.18387510778889649	0.006655290167735695	0.02105158188851175
-0.17444561508177436	0.006802578286118077	0.020211005004711957
-0.16501612237465046	0.00695504802321345	0.01942097694452216
-0.15558662966752834	0.007112949247198408	0.018677514634354075
-0.14615713696040444	0.007276547139311029	0.017977018828892355
-0.13672764425328232	0.0074461233344989	0.01731623071331323
-0.1272981515461602	0.0076219771623511345	0.016692194103942848
-0.1178686588390363	0.007804426998500702	0.016102222439857705
-0.10843916613191418	0.007993811737864398	0.015543869886163408
-0.09900967342479028	0.008190492402419425	0.015014905975776038
-0.08958018071766816	0.008394853897720322	0.014513293304585728
-0.08015068801054426	0.008607306934067305	0.014037167868198308
-0.07072119530342214	0.008828290130175942	0.013584821689721416
-0.061291702596298236	0.00905827231939127	0.01315468743936865
-0.051862209889176114	0.009297755081014714	0.012745324789800394
-0.042432717182052215	0.009547275522153287	0.012355408287468395
-0.03300322447493009	0.00980740933878299	0.011983716550960644
-0.023573731767806194	0.01007877418844938	0.011629122633369349
-0.014144239060684072	0.010362033411328575	0.011290585407835785
-0.004714746353561949	0.01065790014128698	0.010967141854264506
0.004714746353561949	0.010967141854264506	0.01065790014128698
0.014144239060684072	0.011290585407835785	0.010362033411328575
0.02357373176780797	0.011629122633369349	0.01007877418844938
0.03300322447493009	0.011983716550960644	0.009807409338782769
0.04243271718205399	0.012355408287468839	0.009547275522153065
0.051862209889176114	0.012745324789800394	0.009297755081014492
0.06129170259630001	0.013154687439368873	0.009058272319390825
0.07072119530342214	0.013584821689721416	0.008828290130175942
0.08015068801054603	0.014037167868198308	0.008607306934067305
0.08958018071766816	0.01451329330458595	0.008394853897720322
0.09900967342479206	0.01501490597577626	0.008190492402419203
0.10843916613191418	0.015543869886163408	0.007993811737864398
0.1178686588390363	0.016102222439857705	0.007804426998500702
0.1272981515461602	0.016692194103942848	0.0076219771623511345
0.13672764425328232	0.017316230713313452	0.0074461233344989
0.14615713696040622	0.017977018828892355	0.007276547139311029
0.15558662966752834	0.018677514634354075	0.007112949247198408
0.16501612237465224	0.019420976944522605	0.00695504802321345
0.17444561508177436	0.020211005004711957	0.006802578286118077
0.18387510778889826	0.021051581888512194	0.006655290167735695
0.19330460049602038	0.02194712445707747	0.00651294806343472
0.20273409320314428	0.022902541032381762	0.0063753296655317815
0.2121635859102664	0.023923298168314844	0.006242225072214724
0.2215930786173903	0.025015498187397123	0.006113435965325431
0.23102257132451243	0.02618596950054619	0.005988774850991696
0.24045206403163455	0.02744237215973122	0.005868064357682279
0.24988155673875845	0.0287933216304479	0.0057511365867826125
0.25931104944588057	0.03024853444097353	0.005637832511246055
0.26874054215300447	0.031819000205134174	0.005528001418305228
0.2781700348601266	0.03351718557283401	0.0054215003925894845
0.2875995275672505	0.03535727700092295	0.005318193836341578
0.2970290202743726	0.03735547093934333	0.0052179530237230765
0.3064585129814965	0.039530322204437196	0.005120655686463138
0.31588800568861863	0.04190316411034378	0.005026185628371316
0.32531749839574253	0.04449861754881712	0.00493443236642821
0.33474699110286465	0.047345210915227254	0.004845290796385848
0.34417648380998855	0.050476138938098325	0.004758660880989085
0.3536059765171107	0.05393019657877307	0.004674447359077627
0.3630354692242328	0.057752934911462495	0.004592559473994617
0.3724649619313567	0.061998100219055496	0.004512910719846053
0.3818944546384788	0.06672943676427856	0.0044354186042889765
0.3913239473456027	0.07202295966117789	0.0043600044266227655
0.40075344005272484	0.07796983956430559	0.004286593070071731
0.41018293275984874	0.08468008915342651	0.004215112807228527
0.41961242546697086	0.0922873077505626	0.0041454951177153365
0.42904191817409476	0.10095483207900191	0.0040776745171944295
0.4384714108812169	0.11088376823423207	0.004011588396925836
0.4479009035883408	0.12232355623475821	0.003947176873138503
0.4573303962954629	0.13558596252136978	0.0038843826455323693
0.4667598890025868	0.15106373061867995	0.00382315086428453
0.4761893817097089	0.16925557104750588	0.0037634290049846086
0.48561887441683105	0.19079975549947314	0.003705166750953781
0.49504836712395495	0.216519276301522	0.003648315882467612
0.5044778598310771	0.24748220307794622	0.0035928301724090783
0.513907352538201	0.28508106576862513	0.0035386652879403346
0.5233368452453231	0.33113358870131826	0.003485778697792652
0.532766337952447	0.3880008016542098	0.0034341295848128173
0.5421958306595691	0.4587001232301835	0.0033836787634304866
0.551625323366693	0.5469441769061559	0.003334388601725413
0.5610548160738151	0.6569286889802095	0.0032862229478147764
0.570484308780939	0.7924765177898614	0.003239147060278391
0.5799138014880612	0.9548089046633731	0.0031931275423768835
0.589343294195185	1.138040043013733	0.0031481322798248
0.5987727869023072	1.3226603735769284	0.003104130381905046
0.6082022796094293	1.4718398481639932	0.0030610921257165913
0.6176317723165532	1.5412074756842884	0.003018988903367159
0.6270612650236753	1.5052935592194032	0.002977793171939469
0.6364907577307992	1.3776909335619545	0.002937478406056071
0.6459202504379213	1.199904513523653	0.0028980190528979932
0.6553497431450452	1.0132640259155965	0.0028593904895322098
0.6647792358521674	0.842955012465894	0.0028215689824078183
0.6742087285592913	0.6985801637007807	0.002784531648900135
0.6836382212664134	0.5806209489763162	0.002748256420787243
0.6930677139735373	0.4857669703765446	0.002712722009542645
0.7024972066806594	0.40980185531439006	0.002677907873346541
0.7119266993877833	0.3488108630465214	0.002643794185717363
0.7213561920949054	0.29954607435085734	0.00261036180567209
0.7307856848020275	0.25944245666725263	0.0025775922493325165
0.7402151775091514	0.22651788771269565	0.002545467662897982
0.7496446702162736	0.19925274339827914	0.0025139707969072944
0.7590741629233975	0.1764824890389125	0.002483084981723671
0.7685036556305196	0.1573113963616748	0.00245279410417254
0.7779331483376435	0.1410463577870129	0.002423082585275793
0.7873626410447656	0.12714717666585162	0.0023939353590174406
0.7967921337518895	0.11518954756810529	0.002365337852093141
0.8062216264590116	0.10483753045799182	0.0023372759645867713
0.8156511191661355	0.09582303500741562	0.0023097360515285104
0.8250806118732577	0.08793045760245821	0.0022827049052880355
0.8345101045803816	0.0809851071218688	0.002256169738758196
0.8439395972875037	0.07484442570964656	0.0022301181692929717
0.8533690899946258	0.06939128176850407	0.0022045382033555327
0.8627985827017497	0.06452880859524779	0.0021794182218457525
0.8722280754088718	0.06017640352695586	0.0021547469660720964
0.8816575681159957	0.05626660445379361	0.0021305135243305795
0.8910870608231178	0.05274263428632775	0.0021067073190692565
0.9005165535302417	0.04955645749937698	0.0020833180946027152
0.9099460462373639	0.0466672319501471	0.002060335905351929
0.9193755389444878	0.04404006785916681	0.0020377511045852614
0.9288050316516099	0.04164502704039763	0.002015554333633096
0.9382345243587338	0.03945631122925941	0.001993736511556321
0.9476640170658559	0.03745160015401172	0.001972288825247581
0.957093509772978	0.035611508881462584	0.0019512027199395376
0.9665230024801019	0.03391914070335278	0.001930469890107922
0.975952495187224	0.03235971696702933	0.0019100822707445175
0.9853819878943479	0.030920269196175854	0.0018900320289887418
0.9948114806014701	0.02958938189029303	0.0018703115560960715
1.004240973308594	0.028356976753881824	0.001850913459730208
1.013670466015716	0.02721413095034464	0.001831830556564995
1.02309995872284	0.02615292342280462	0.001813055865179214
1.032529451429962	0.025166304465760403	0.0017945825992333742
1.041958944137086	0.024247984636613262	0.0017764041609165115
1.0513884368442081	0.023392339817244645	0.0017585141346456723
1.060817929551332	0.022594329812940295	0.0017409062810151976
1.0702474222584542	0.02184942834001724	0.0017235745309751582
1.0796769149655763	0.021153562628170697	0.001706512980239161
1.0891064076727002	0.02050306116740841	0.0016897158839006554
1.0985359003798223	0.019894608376784362	0.0016731776512590724
1.1079653930869462	0.019325205174345328	0.001656892840836699
1.1173948857940683	0.018792134593562437	0.0016408561555891765
1.1268243785011922	0.018292931728137063	0.0016250624382891932
1.1362538712083143	0.017825357399926522	0.0016095066670853697
1.1456833639154382	0.01738737503835508	0.0015941839512256806
1.1551128566225604	0.016977130337527457	0.001579089526937194
1.1645423493296843	0.01659293332227829	0.0015642187534556928
1.1739718420368064	0.0162332425087941	0.0015495671092047303
1.1834013347439303	0.0158966508911611	0.0015351301881068036
1.1928308274510524	0.015581873523688339	0.001520903696031306
1.2022603201581745	0.015287736501373494	0.0015068834473712656
1.2116898128652984	0.01501316716844081	0.0014930653617364342
1.2211193055724205	0.01475718540829729	0.0014794454607711671
1.2305487982795444	0.014518895888176564	0.0014660198650784384
1.2399782909866666	0.014297481148810798	0.0014527847912555458
1.2494077836937905	0.014092195444048938	0.0014397365490317338
1.2588372764009126	0.013902359247886409	0.0014268715385066244
1.2682667691080365	0.013727354357188526	0.0014141862474836842
1.2776962618151586	0.013566619527712431	0.001401677248893174
1.2871257545222825	0.013419646589142076	0.0013893411983094683
1.2965552472294046	0.01328597699188716	0.0013771748315454246
1.3059847399365285	0.013165198744534479	0.0013651749623331266
1.3154142326436506	0.013056943706237112	0.0013533384800823445
1.3248437253507728	0.012960885203054495	0.0013416623477138234
1.3342732180578967	0.01287673594144878	0.0013301435995638489
1.3437027107650188	0.012804246195862845	0.0013187793393596436
1.3531322034721427	0.012743202250642183	0.0013075667382620448
1.3625616961792648	0.012693425079552512	0.0012965030329719074
1.3719911888863887	0.012654769248878095	0.0012855855238997904
1.3814206815935108	0.012627122032566218	0.001274811573392265
1.3908501743006347	0.012610402730214965	0.00126417860402106
1.4002796670077569	0.01260456218084105	0.0012536840969206153
1.4097091597148808	0.012609582467431935	0.0012433255901864726
1.4191386524220029	0.012625476809259295	0.0012331006773198538
1.4285681451291268	0.012652289640846304	0.0012230070057217546
1.437997637836249	0.012690096878410273	0.001213042275240106
1.447427130543371	0.012739006376502715	0.0012032042367546847
1.456856623250495	0.01279915857954883	0.0011934906908139808
1.466286115957617	0.012870727375026147	0.001183899486310258
1.475715608664741	0.0129539211571561	0.0011744285191968018
1.485145101371863	0.01304898411228006	0.0011650757312466897
1.494574594078987	0.013156197739549569	0.0011558391088470898
1.504004086786109	0.01327588262324908	0.0011467166818321939
1.513433579493233	0.013408400476021098	0.001137706522351456
1.522863072200355	0.01355415647554814	0.0011288067437733584
1.532292564907479	0.013713601920895657	0.0011200154996202638
1.5417220576146011	0.013887237238846772	0.0011113309825372397
1.551151550321725	0.014075615375194639	0.0011027514232910818
1.5605810430288471	0.014279345611262206	0.0010942750897988684
1.5700105357359693	0.01449909785191461	0.0010859002861860478
1.5794400284430932	0.014735607438258969	0.0010776253518738343
1.5888695211502153	0.014989680546130701	0.001069448660689254
1.5982990138573392	0.015262200240621082	0.0010613686200067196
1.6077285065644613	0.015554133267473569	0.0010533836699107013
1.6171579992715852	0.015866537674446013	0.0010454922823843749
1.6265874919787073	0.016200571370001526	0.0010376929605226959
1.6360169846858312	0.01655750174336368	0.0010299842377647916
1.6454464773929534	0.016938716489438344	0.0010223646771534423
1.6548759701000773	0.01734573580499088	0.0010148328706121035
1.6643054628071994	0.01778022614934094	0.0010073874382428016
1.6737349555143233	0.018244015794609103	0.001000027027645567
1.6831644482214454	0.018739112428076465	0.0009927503132569626
1.6925939409285675	0.019267723113798096	0.0009855559957043791
1.7020234336356914	0.019832276973657414	0.000978442801182311
1.7114529263428135	0.020435451011361794	0.0009714094808455087
1.7208824190499374	0.02108019957872531	0.0009644548102143435
1.7303119117570596	0.021769788074690544	0.0009575775886039306
1.7397414044641835	0.02250783157737324	0.0009507766385621341
1.7491708971713056	0.023298339242242116	0.0009440508053293328
1.7586003898784295	0.024145765460795943	0.0009373989563064011
1.7680298825855516	0.025055068970519345	0.0009308199805431183
1.7774593752926755	0.026031781347103378	0.0009243127882367919
1.7868888679997976	0.027082086604756528	0.0009178763102466458
1.7963183607069215	0.02821291399389403	0.0009115094976175353
1.8057478534140436	0.02943204653527487	0.0009052113211227564
1.8151773461211658	0.030748248388826838	0.0008989807708124076
1.8246068388282897	0.03217141485355568	0.0008928168555792926
1.8340363315354118	0.033712749670718134	0.0008867186027314844
1.8434658242425357	0.035384975406368646	0.0008806850575793224
1.8528953169496578	0.037202584087722146	0.0008747152830341776
1.8623248096567817	0.039182137048308086	0.0008688083592138796
1.8717543023639038	0.041342625216052475	0.0008629633830603556
1.8811837950710277	0.04370590401208663	0.0008571794679703704
1.8906132877781499	0.04629722082563048	0.0008514557434295966
1.9000427804852738	0.0491458579751205	0.0008457913546608964
1.9094722731923959	0.052285920543327036	0.000840185462280596
1.9189017658995198	0.055757307012384016	0.0008346372419625325
1.928331258606642	0.059606911950183195	0.0008291458841114263
1.937760751313764	0.06389012511915326	0.0008237105935438027
1.947190244020888	0.06867271169372358	0.0008183305891795722
1.95661973672801	0.07403318574518014	0.0008130051037367192
1.966049229435134	0.0800658265374512	0.0008077333834384248
1.975478722142256	0.08688453835513577	0.0008025146877246314
1.98490821484938	0.09462782502402445	0.0007973482889722661
1.994337707556502	0.10346524766650678	0.0007922334722205715
2.003767200263626	0.11360586926332594	0.0007871695349050967
2.013196692970748	0.12530937691986943	0.0007821557865987927
2.022626185677872	0.13890083172586398	0.0007771915487566616
2.032055678384994	0.15479035058584167	0.0007722761544679546
2.0414851710921162	0.1734994991322516	0.0007674089482172519
2.05091466379924	0.1956967828098033	0.000762589285645987
2.0603441565063623	0.22224532970909827	0.0007578165333244069
2.069773649213486	0.2542664879482981	0.0007530900685264186
2.0792031419206083	0.29322306489076566	0.0007484092790110974
2.088632634627732	0.341023845697616	0.0007437735628086362
2.0980621273348543	0.40014318843729413	0.0007391823280131771
2.107491620041978	0.47372732516130545	0.0007346349925756446
2.1169211127491003	0.5656037932254687	0.0007301309841096781
2.1263506054562242	0.6799864072879442	0.0007256697396937906
2.1357800981633464	0.82042685012799	0.0007212507056839623
2.1452095908704703	0.9872204617144824	0.0007168733375271241
2.1546390835775924	1.1724238099577082	0.0007125370995819669
2.1640685762847145	1.3533044557774492	0.0007082414649417501
2.1734980689918384	1.4903103195600595	0.000703985915260219
2.1829275616989605	1.5404080995722804	0.0006997699405866253
2.1923570544060844	1.4848294619866476	0.0006955930391976395
2.2017865471132065	1.3442836478202016	0.000691454717439477
2.2112160398203304	1.1622688035183586	0.0006873544895684702
2.2206455325274526	0.977599498519146	0.0006832918775989683
2.2300750252345765	0.812081917083086	0.0006792664111532343
2.2395045179416986	0.6730544608591265	0.0006752776273135641
2.2489340106488225	0.5599452068771233	0.0006713250704812879
2.2583635033559446	0.46911950112885337	0.0006674082922344393
2.2677929960630685	0.39636712540994434	0.0006635268511916426
2.2772224887701906	0.33789354543747496	0.0006596803128795514
2.2866519814773127	0.290590086823757	0.0006558682495994006
2.2960814741844366	0.2520156074034565	0.0006520902403008844
2.3055109668915588	0.2202880799787159	0.0006483458704567013
2.3149404595986827	0.19396537917439605	0.0006446347319402079
2.324369952305805	0.17194185232059467	0.0006409564229048481
2.3337994450129287	0.153366204456316	0.0006373105476684682
2.343228937720051	0.13757885010389614	0.0006336967165976315
2.3526584304271747	0.12406497116853932	0.0006301145459961521
2.362087923134297	0.11241958342090119	0.000626563657996293
2.3715174158414207	0.10232155633030371	0.0006230436804497419
2.380946908548543	0.09351423478877852	0.0006195542468241388
2.3903764012556667	0.08579091232618374	0.0006160949960998252
2.399805893962789	0.0789838732027468	0.0006126655726701458
2.409235386669911	0.07295606950670375	0.0006092656262424168
2.418664879377035	0.0675947539798496	0.0006058948117413365
2.428094372084157	0.06280657338252382	0.0006025527892159488
2.437523864791281	0.05851375989724339	0.0005992392237474942
2.446953357498403	0.054651153774104566	0.0005959537853579278
2.456382850205527	0.051163859660216415	0.0005926961489224336
2.465812342912649	0.04800538937524479	0.0005894659940830493
2.475241835619773	0.045136180664431924	0.0005862630051645112
2.484671328326895	0.04252240848955857	0.0005830868710896553
2.494100821034019	0.04013502541262359	0.000579937285299259
2.503530313741141	0.03794898251295531	0.0005768139456738819
2.512959806448265	0.035942593432890746	0.000573716554453263
2.522389299155387	0.03409701255936448	0.0005706448181621582
2.5318187918625092	0.03239580473297088	0.0005675984475355111
2.541248284569633	0.030824588751413806	0.0005645771574440683
2.5506777772767553	0.02937074067980272	0.0005615806668233247
2.560107269983879	0.02802314587482324	0.000558608698604246
2.5695367626910013	0.02677199087958293	0.0005556609796428802
2.578966255398125	0.02560858810422295	0.0005527372406548547
2.5883957481052473	0.024525227589054843	0.0005498372161465426
2.597825240812371	0.023515051238396367	0.0005469606443542219
2.6072547335194933	0.022571945779866986	0.0005441072671767966
2.6166842262266172	0.02169045139546366	0.0005412768301156223
2.6261137189337393	0.02086568352541729	0.0005384690822145544
2.6355432116408632	0.0200932657929469	0.0005356837759971089
2.6449727043479854	0.01936927236033914	0.0005329206674116183
2.6544021970551075	0.018690178321954853	0.0005301795157712785
2.6638316897622314	0.01805281698168759	0.0005274600836981946
2.6732611824693535	0.017454343061971578	0.0005247621370700895
2.6826906751764774	0.016892201057399303	0.0005220854449641266
2.6921201678835995	0.01636409808529815	0.0005194297796042857
2.7015496605907234	0.015867980703949902	0.0005167949163109586
2.7109791532978456	0.015402015271200886	0.0005141806334483245
2.7204086460049695	0.014964571505984958	0.000511586712374168
2.7298381387120916	0.014554208996266027	0.0005090129373932495
2.7392676314192155	0.014169666472263032	0.0005064590957057913
2.7486971241263376	0.013809853736636901	0.0005039249773630683
2.7581266168334615	0.013473846216643715	0.0005014103752198906
2.7675561095405836	0.013160882180543565	0.0004989150848899726
2.7769856022477057	0.012870362745565522	0.0004964389047004136
2.7864150949548296	0.012601854902183796	0.0004939816356490656
2.7958445876619518	0.012355097895077272	0.0004915430813605681
2.8052740803690757	0.012130013442425813	0.0004891230480457143
2.814703573076198	0.011926720451937989	0.00048672134445904014
2.8241330657833217	0.011745555117282258	0.00048433778185863474
2.833562558490444	0.011587097570219917	0.0004819721739668381
2.8429920511975677	0.011452206645985008	0.0004796243369309394
2.85242154390469	0.011342064825866638	0.0004772940892845412
2.8618510366118137	0.011258236098163898	0.0004749812519113661
2.871280529318936	0.011202740391796695	0.0004726856480068431
2.8807100220260597	0.011178149477416133	0.0004704071030421364
2.890139514733182	0.011187710927538896	0.00046814544472995046
2.899569007440304	0.011235509061495064	0.0004659005029881147
2.908998500147428	0.011326675027360622	0.00046367210990694296
2.91842799285455	0.011467662645873178	0.0004614600997132623
2.927857485561674	0.011666612844149604	0.00045926430873977075
2.937286978268796	0.011933838075869785	0.00045708457539217484
2.94671647097592	0.012282469833655218	0.00045492074011654893
2.956145963683042	0.01272932798879367	0.00045277264536802697
2.965575456390166	0.013296090575594333	0.0004506401355808265
2.975004949097288	0.01401086538357288	0.00044852305713916074
2.984434441804412	0.01491028393807503	0.000446421258344154
2.993863934511534	0.016042234662674737	0.0004443345893896389
3.003293427218658	0.01746927344758764	0.00044226290232884935
3.01272291992578	0.019272468474532012	0.0004402060510499961
3.0221524126329022	0.0215546535115545	0.0004381638912462904
3.031581905340026	0.024440135164791377	0.0004361362803910751
3.0410113980471483	0.028063616784034906	0.00043412307770851477
3.050440890754272	0.03253293519829348	0.00043212414415094713
3.0598703834613943	0.03783922103863424	0.0004301393423695732
3.069299876168518	0.04368927483335683	0.0004281685366924748
3.0787293688756403	0.0492978186686468	0.0004262115930968591
3.088158861582764	0.05335675019268127	0.00042426837918796423
3.0975883542898863	0.05452426506849917	0.00042233876417197
3.1070178469970102	0.05232213460682389	0.00042042261883512566
3.1164473397041323	0.04752685478026408	0.00041851981551843664
3.1258768324112562	0.0415518120684204	0.0004166302280967926
3.1353063251183784	0.035591645563633145	0.0004147537319558747
3.1447358178255005	0.03028881468362976	0.000412890203969285
3.1541653105326244	0.02584300100783321	0.0004110395224792285
3.1635948032397465	0.022220132150150285	0.00040920156727319856
3.1730242959468704	0.019299285300216296	0.00040737621956399295
3.1824537886539925	0.016946030841916482	0.00040556336197017373
3.1918832813611164	0.015040875368877993	0.0004037628784931968
3.2013127740682386	0.01348649931467083	0.0004019746545012026
3.2107422667753625	0.012206673788115685	0.00040019857670703374
3.2201717594824846	0.011142678411317108	0.00039843453314936106
3.2296012521896085	0.010249513619513984	0.0003966824131751423
3.2390307448967306	0.009492656635019081	0.000394942107419638
3.2484602376038545	0.008845500311597476	0.00039321350778931397
3.2578897303109766	0.008287404158513256	0.00039149650744363385
3.2673192230180987	0.007802235554205117	0.0003897910007770733
3.2767487157252226	0.007377284434036291	0.00038809688340202264
3.2861782084323448	0.007002455981760747	0.0003864140521319115
3.2956077011394687	0.006669668184533073	0.00038474240496455536
3.305037193846591	0.00637239992730354	0.00038308184106505827
3.3144666865537147	0.006105349859558684	0.0003814322607509357
3.323896179260837	0.005864177088611422	0.0003797935654745732
3.3333256719679607	0.005645302642639294	0.0003781656578087933
3.342755164675083	0.00544575634772837	0.00037654844142998023
3.3521846573822067	0.005263057872100463	0.00037494182110475727
3.361614150089329	0.005095123655006972	0.00037334570267488765
3.371043642796451	0.004940193583230501	0.000371759993039511
3.380473135503575	0.004796772838177921	0.00037018460014581756
3.389902628210697	0.004663585477164167	0.0003686194329697301
3.399332120917821	0.00453953715147537	0.00036706440150546804
3.408761613624943	0.004423684984841358	0.00036551941675067035
3.418191106332067	0.004315213098623261	0.00036398439069196264
3.427620599039189	0.004213412616940859	0.0003624592362931889
3.437050091746313	0.004117665246775815	0.0003609438674805343
3.446479584453435	0.004027429726893628	0.0003594381991309792
3.455909077160559	0.003942230591360341	0.0003579421470600863
3.465338569867681	0.003861648810203455	0.0003564556280073461
3.474768062574805	0.0037853139600771968	0.0003549785596250743
3.484197555281927	0.003712897648010305	0.0003535108604666437
3.493627047989049	0.003644107966230159	0.00035205244997471574
3.503056540696173	0.0035786847992100856	0.00035060324846813984
3.5124860334032952	0.0035163958382096183	0.00034916317713151734
3.521915526110419	0.0034570331856516034	0.00034773215800387725
3.5313450188175413	0.0034004104532989743	0.00034631011396601963
3.540774511524665	0.0033463602755283706	0.0003448969687316339
3.5502040042317873	0.003294732172951953	0.0003434926468350863
3.559633496938911	0.0032453907129326165	0.00034209707362009567
3.5690629896460333	0.00319821392272579	0.00034071017523173985
3.578492482353157	0.003153091918459694	0.0003393318786029109
3.5879219750602793	0.0031099257193225593	0.0003379621114458775
3.597351467767403	0.003068626221373938	0.000336600802243181
3.6067809604745253	0.0030291133095898815	0.00033524788023431285
3.6162104531816475	0.0029913150902258767	0.0003339032754101634
3.6256399458887714	0.002955167228487987	0.00033256691849992137
3.6350694385958935	0.0029206123789509153	0.0003312387409639683
3.6444989313030174	0.0028875996982178354	0.00032991867498299854
3.6539284240101395	0.0028560844310865363	0.0003286066534500254
3.6633579167172634	0.0028260275629838905	0.00032730260996061133
3.6727874094243855	0.0027973955327533773	0.00032600647880354217
3.6822169021315094	0.002770160001020594	0.00032471819495327736
3.6916463948386316	0.002744297670393303	0.00032343769406040224
3.7010758875457554	0.0027197901546676118	0.00032216491244319023
3.7105053802528776	0.0026966238950780763	0.00032089978707983136
3.7199348729600015	0.002674790122428883	0.0003196422555991063
3.7293643656671236	0.002654284864713752	0.000318392256273059
3.7387938583742457	0.0026351090006164757	0.00031714972800922503
3.7482233510813696	0.002617268360049607	0.0003159146103410837
3.7576528437884917	0.0026007738737099384	0.00031468684342250697
3.7670823364956156	0.0025856417744982707	0.0003134663680182115
3.7765118292027378	0.002571893854586671	0.00031225312549754136
3.7859413219098617	0.002559557782974231	0.00031104705782580844
3.795370814616984	0.002548667489547185	0.000309848107558075
3.8048003073241077	0.0025392636230208154	0.0003086562178307162
3.81422980003123	0.002531394091690231	0.0003074713323556466
3.8236592927383537	0.002525114697769837	0.000306293395412105
3.833088785445476	0.0025204898782318352	0.0003051223518404367
3.8425182781525997	0.0025175935676280403	0.00030395814703454427
3.851947770859722	0.0025165102014292895	0.0003028007269367805
3.861377263566844	0.0025173358820840264	0.00030165003802817836
3.870806756273968	0.002520179734427197	0.0003005060273260085
3.88023624898109	0.002525165482442082	0.00029936864237334326
3.889665741688214	0.0025324332859195664	0.00029823783123550385
3.899095234395336	0.002542141883584037	0.0002971135424925109
3.90852472710246	0.0025544710990954567	0.00029599572523353324
3.917954219809582	0.002569624778518076	0.00029488432905022677
3.927383712516706	0.0025878342429512813	0.00029377930403029495
3.936813205223828	0.0026093623588356873	0.00029268060075327007
3.946242697930952	0.002634508352052256	0.00029158817028274164
3.955672190638074	0.0026636135215920564	0.0002905019641621376
3.965101683345198	0.0026970680461395613	0.0002894219344078408
3.97453117605232	0.0027353191246437536	0.0002883480335045263
3.983960668759442	0.002778880752985602	0.0002872802143984998
3.993390161466566	0.00282834551727551	0.0002862184304943671
4.002819654173688	0.002884398885713013	0.00028516263564681843
4.012249146880812	0.0029478366127539957	0.00028411278415707564
4.021678639587934	0.003019586041745015	0.0002830688307682294
4.031108132295058	0.0031007323191067915	0.0002820307306576897
4.04053762500218	0.003192550833661434	0.00028099843943540925
4.049967117709304	0.003296547595244448	0.00027997191313566816
4.059396610416426	0.0034145098041047373	0.00027895110821440916
4.06882610312355	0.0035485695880790313	0.00027793598154346455
4.078255595830672	0.0037012848703303902	0.00027692649040456097
4.087685088537796	0.0038757426779749693	0.000275922592487321
4.097114581244918	0.00407569205432079	0.0002749242458826018
4.1065440739520405	0.004305716295847084	0.0002739314090778322
4.115973566659164	0.0045714577806048595	0.0002729440409536821
4.1254030593662865	0.004879913574289185	0.0002719621007782891
4.13483255207341	0.0052398268108710955	0.000270985548203706
4.1442620447805325	0.005662208197435348	0.00027001434326123785
4.153691537487656	0.006161034604798443	0.00026904844635633474
4.1631210301947785	0.0067541880876020866	0.0002680878182659274
4.172550522901902	0.007464718334053044	0.0002671324201335423
4.1819800156090245	0.008322530860838562	0.0002661822134644165
4.1914095083161484	0.00936661023525076	0.00026523716012172294
4.200839001023271	0.010647849135765775	0.00026429722232390596
4.2102684937303945	0.012232386525204753	0.00026336236263868606
4.219697986437517	0.014204862543479635	0.00026243254398017335
4.229127479144639	0.01666973047831455	0.0002615077296048707
4.238556971851763	0.01974584287841985	0.000260587883108343
4.247986464558885	0.0235435879785566	0.0002596729684203325
4.257415957266009	0.028104421260457535	0.0002587629498016497
4.266845449973131	0.03327686322267698	0.0002578577918406211
4.276274942680255	0.03853262814084668	0.00025695745944998016
4.285704435387377	0.042850141098563554	0.0002560619178613166
4.295133928094501	0.044963726325027764	0.0002551711326237438
4.304563420801623	0.04409871709937874	0.000254285069599236
4.313992913508747	0.0405794886655102	0.0002534036949597418
4.323422406215869	0.03556238577694715	0.00025252697518229894
4.332851898922993	0.030239162299667166	0.00025165487704903455
4.342281391630115	0.025353537911875668	0.0002507873676396155
4.351710884337237	0.02119835447641827	0.0002499244143310264
4.361140377044361	0.017797022793504036	0.0002490659847931287
4.370569869751483	0.015058725302989018	0.0002482120469862181
4.379999362458607	0.012863863893204153	0.00024736256915658394
4.389428855165729	0.011100312311064897	0.0002465175198345104
4.398858347872853	0.009674665376280922	0.0002456768678307242
4.408287840579975	0.008513021414348287	0.00024484058223439575
4.417717333287099	0.007558229167252684	0.0002440086324080326
4.427146825994221	0.006766463502207998	0.0002431809879863689
4.436576318701345	0.0061041430320767365	0.00024235761887259066
4.446005811408467	0.005545444648698883	0.00024153849523655957
4.455435304115589	0.00507039367285933	0.0002407235875097058
4.464864796822713	0.004663428334138908	0.00023991286638502807
4.474294289529835	0.0043123304438914545	0.00023910630281243073
4.483723782236959	0.004007430331264494	0.00023830386799605918
4.493153274944081	0.0037410143833840337	0.00023750553339230152
4.502582767651205	0.0035068815214229776	0.00023671127070712394
4.512012260358327	0.003300009177182872	0.00023592105189318424
4.521441753065451	0.003116300029799346	0.00023513484914627902
4.530871245772573	0.0029523885999271915	0.00023435263490534375
4.540300738479697	0.00280549247515971	0.0002335743818469016
4.549730231186819	0.002673297033310762	0.0002328000628846194
4.559159723893943	0.002553865480993567	0.00023202965116553287
4.568589216601065	0.0024455681577890687	0.00023126312006893635
4.578018709308187	0.002347026604498703	0.0002305004432026081
4.587448202015311	0.0022570690236767277	0.00022974159440103392
4.5968776947224335	0.0021746945898220016	0.00022898654772429694
4.606307187429557	0.0020990446790405404	0.00022823527745252647
4.6157366801366795	0.0020293795432104744	0.0002274877580876744
4.625166172843803	0.0019650592942579426	0.00022674396434729793
4.6345956655509255	0.0019055283205935414	0.0002260038711652257
4.644025158258049	0.001850302452080399	0.0002252674536882271
4.6534546509651715	0.001798958338059542	0.00022453468727401393
4.662884143672295	0.0017511246166412864	0.00022380554748813175
4.6723136363794175	0.0017064745411490279	0.0002230800101032937
4.681743129086541	0.0016647197977066597	0.00022235805109649398
4.691172621793664	0.0016256053010625937	0.0002216396466474535
4.700602114500786	0.0015889047974380066	0.00022092477313528924
4.71003160720791	0.0015544171360666326	0.00022021340713807014
4.719461099915032	0.001521963097158796	0.00021950552542993051
4.728890592622156	0.0014913826847857692	0.00021880110497840555
4.738320085329278	0.0014625328098099022	0.00021810012294487535
4.747749578036402	0.0014352853013470668	0.00021740255667945796
4.757179070743524	0.0014095251960555277	0.0002167083837214534
4.766608563450648	0.0013851492633092377	0.00021601758179645714
4.77603805615777	0.0013620647314624978	0.00021533012881502778
4.785467548864894	0.0013401881862655785	0.0002146460028698005
4.794897041572016	0.0013194446173052654	0.00021396518223526506
4.80432653427914	0.0012997665923408785	0.00021328764536399092
4.813756026986262	0.0012810935426983416	0.0002126133708868494
4.823185519693384	0.001263371145679315	0.000211942337609905
4.832615012400508	0.0012465507922605479	0.00021127452451263906
4.84204450510763	0.0012305891303407979	0.0002106099107470616
4.851473997814754	0.00121544767551085	0.00020994847563571284
4.860903490521876	0.0012010924827621228	0.00020929019866966492
4.870332983229	0.0011874938738911656	0.00020863505950718952
4.879762475936122	0.001174626216477348	0.00020798303797175954
4.889191968643246	0.0011624677514141535	0.00020733411405071678
4.898621461350368	0.0011510004669557095	0.0002066882678930515
4.908050954057492	0.0011402100182165142	0.0002060454798096245
4.917480446764614	0.0011300856920319902	0.0002054057302691703
4.926909939471738	0.0011206204180955748	0.00020476899989785302
4.93633943217886	0.0011118108283330042	0.00020413526947904437
4.945768924885982	0.001103657367679034	0.00020350451994843866
4.955198417593106	0.0010961644607121457	0.00020287673239693937
4.964627910300228	0.001089340740154432	0.00020225188806488603
4.974057403007352	0.0010831993450357569	0.0002016299683438305
4.983486895714474	0.0010777582984771161	0.0002010109547736505
4.992916388421598	0.0010730409776702476	0.00020039482904010697
5.00234588112872	0.0010690766918426409	0.00019978157297639854
5.011775373835844	0.001065901387983459	0.00019917116855894257
5.021204866542966	0.0010635585090839061	0.00019856359790715317
5.03063435925009	0.0010621000359247734	0.0001979588432821089
5.040063851957212	0.001061587751391757	0.0001973568870843323
5.049493344664336	0.0010620947764738986	0.00019675771185423407
5.058922837371458	0.0010637074401442792	0.00019616130026900436
5.06835233007858	0.0010665275622203652	0.00019556763514239073
5.077781822785704	0.0010706752502640526	0.00019497669942292184
5.0872113154928265	0.001076292340386864	0.00019438847619213107
5.09664080819995	0.0010835466497480795	0.00019380294866433445
5.1060703009070725	0.001092637258887308	0.0001932201001855205
5.115499793614196	0.001103801109258562	0.00019263991423046356
5.1249292863213185	0.0011173212916844033	0.00019206237440339002
5.134358779028442	0.0011335375237129242	0.00019148746443509168
5.1437882717355645	0.0011528594802756587	0.00019091516818292575
5.153217764442688	0.001175783869981295	0.0001903454696299267
5.1626472571498105	0.001202916463203474	0.00018977835288236378
5.172076749856934	0.0012350007121229023	0.0001892138021686307
5.181506242564057	0.0012729552047172632	0.00018865180183991193
5.190935735271179	0.001317923029581003	0.00018809233636729594
5.200365227978303	0.0013713372820740588	0.0001875353903404431
5.209794720685425	0.0014350085194019258	0.00018698094846825164
5.219224213392549	0.0015112420789114012	0.0001864289955761933
5.228653706099671	0.0016029958577290504	0.000185879516605425
5.238083198806795	0.001714092232693254	0.00018533249661323303
5.247512691513917	0.0018495004330354448	0.0001847879207692582
5.256942184221041	0.0020157052808409404	0.00018424577435705025
5.266371676928163	0.002221167903809773	0.00018370604277140323
5.275801169635287	0.00247684676307669	0.00018316871151768943
5.285230662342409	0.002796643352708239	0.00018263376621230343
5.294660155049533	0.003197380110305348	0.00018210119257844326
5.304089647756655	0.003697346413231495	0.00018157097644877496
5.313519140463777	0.004311353710142463	0.00018104310376165778
5.322948633170901	0.005038749708300427	0.0001805175605611442
5.332378125878023	0.0058409178181018095	0.00017999433299742407
5.341807618585147	0.006613031587563212	0.00017947340732327177
5.351237111292269	0.00717887476947765	0.00017895476989449044
5.360666603999393	0.0073554097531409735	0.00017843840716991188
5.370096096706515	0.007074296357092669	0.00017792430570762185
5.379525589413639	0.006437703460735467	0.0001774124521682907
5.388955082120761	0.005636793361795567	0.00017690283330940026
5.398384574827885	0.004834938745315709	0.00017639543598857443
5.407814067535007	0.0041208072594542955	0.00017589024716002655
5.417243560242131	0.003522448266511491	0.00017538725387500342
5.426673052949253	0.0030356771314041797	0.00017488644328000902
5.436102545656375	0.0026442267942963227	0.0001743878026172485
5.445532038363499	0.0023298651726924025	0.00017389131922218581
5.454961531070621	0.0020763414506561606	0.00017339698052354358
5.464391023777745	0.0018704056805505243	0.00017290477404330318
5.473820516484867	0.0017016752682614822	0.00017241468739381816
5.483250009191991	0.0015621521911575176	0.00017192670827870238
5.492679501899113	0.0014457085758250443	0.00017144082449171982
5.502108994606237	0.0013476449748832664	0.0001709570239158964
5.511538487313359	0.0012643412365453965	0.0001704752945217436
5.520967980020483	0.001192990690177309	0.00016999562436814664
5.530397472727605	0.001131401146939881	0.00016951800160036612
5.539826965434729	0.001077846842581609	0.00016904241445048207
5.549256458141851	0.0010309583123451205	0.00016856885123495147
5.558685950848973	0.0009896402216857947	0.00016809730035549642
5.568115443556097	0.0009530097396870385	0.00016762775029643961
5.5775449362632195	0.0009203500274750365	0.00016716018962625867
5.586974428970343	0.0008910748906758581	0.00016669460699603178
5.5964039216774655	0.0008647017218488262	0.00016623099113766138
5.605833414384589	0.0008408306371361363	0.00016576933086409618
5.6152629070917115	0.0008191282723277737	0.00016530961506933117
5.624692399798835	0.0007993151082146266	0.00016485183272507697
5.6341218925059575	0.0007811554879564309	0.00016439597288386842
5.643551385213081	0.0007644497021301877	0.0001639420246755119
5.6529808779202035	0.0007490276727730727	0.00016348997730708525
5.662410370627327	0.000734743882220501	0.0001630398200627159
5.67183986333445	0.0007214732772775623	0.00016259154230269246
5.681269356041572	0.0007091079423611202	0.00016214513346302084
5.690698848748696	0.0006975543825828989	0.0001617005830543139
5.700128341455818	0.0006867312934415448	0.00016125788066112534
5.709557834162942	0.0006765677208955267	0.0001608170159421718
5.718987326870064	0.0006670015363121617	0.0001603779786290005
5.728416819577188	0.0006579781666953277	0.000159940758524435
5.73784631228431	0.0006494495329116834	0.00015950534550479567
5.747275804991434	0.0006413731582004534	0.00015907172951568072
5.756705297698556	0.0006337114167298541	0.00015863990057507493
5.76613479040568	0.0006264308978503053	0.00015820984876935285
5.775564283112802	0.0006195018663366358	0.00015778156425461098
5.784993775819924	0.0006128978025963239	0.00015735503725600175
5.794423268527048	0.0006065950097724482	0.00015693025806595706
5.80385276123417	0.0006005722770154875	0.0001565072170459647
5.813282253941294	0.0005948105901136813	0.00015608590462345973
5.822711746648416	0.0005892928821926713	0.00015566631129204644
5.83214123935554	0.0005840038184474761	0.00015524842761216462
5.841570732062662	0.0005789296098965835	0.00015483224420886899
5.851000224769786	0.0005740578519655148	0.0001544177517720513
5.860429717476908	0.000569377384405767	0.00015400494105599627
5.869859210184032	0.0005648781696123706	0.00015359380287893742
5.879288702891154	0.0005605511868844726	0.0001531843281217249
5.888718195598278	0.000556388340548386	0.00015277650772893558
5.8981476883054	0.0005523823802064953	0.00015237033270509848
5.907577181012522	0.0005485268316380854	0.00015196579411913547
5.917006673719646	0.0005448159371230776	0.00015156288309903232
5.926436166426768	0.0005412446041461738	0.0001511615908345032
5.935865659133892	0.0005378083616180973	0.0001507619085741041
5.945295151841014	0.0005345033228945084	0.00015036382762723122
5.954724644548138	0.0005313261550048409	0.0001499673393621226
5.96415413725526	0.0005282740536074471	0.00014957243520541397
5.973583629962384	0.0005253447233066755	0.0001491791066419168
5.983013122669506	0.0005225363630450008	0.00014878734521417414
5.99244261537663	0.0005198476563765819	0.00014839714252157243
6.001872108083752	0.0005172777665150008	0.00014800849022056362
6.011301600790876	0.0005148263361245409	0.00014762138002466507
6.020731093497998	0.0005124934919036317	0.00014723580370135103
6.03016058620512	0.0005102798540976838	0.00014685175307516118
6.039590078912244	0.0005081865511626926	0.00014646922002459206
6.049019571619366	0.0005062152398940256	0.0001460881964829852
6.05844906432649	0.0005043681314464976	0.00014570867443719493
6.0678785570336125	0.000502648023773089	0.00014533064592892053
6.077308049740736	0.0005010583411628744	0.00014495410305137568
6.0867375424478585	0.0004996031816915103	0.00014457903795150884
6.096167035154982	0.0004982873735883686	0.00014420544282844894
6.1055965278621045	0.0004971165417340107	0.00014383330993261723
6.115026020569228	0.000496097185744615	0.00014346263156728156
6.1244555132763505	0.0004952367714023964	0.00014309340008455962
6.133885005983474	0.000494543837556094	0.00014272560788963773
6.1433144986905965	0.0004940281210394915	0.00014235924743566386
6.152743991397719	0.0004937007026872831	0.00014199431122752237
6.162173484104843	0.0004935741781864067	0.0001416307918187254
6.171602976811965	0.0004936628582770108	0.0001412686818111908
6.181032469519089	0.0004939830038086512	0.00014090797385679643
6.190461962226211	0.0004945531023716754	0.00014054866065449367
6.199891454933335	0.0004953941947372087	0.00014019073495163958
6.209320947640457	0.0004965302612358613	0.00013983418954333082
6.218750440347581	0.0004979886805926981	0.00013947901727129342
6.228179933054703	0.0004998007767575974	0.0001391252110245489
6.237609425761827	0.0005020024730983952	0.000138772763738082
6.247038918468949	0.000504635078241833	0.0001384216683926187
6.256468411176073	0.0005077462341347427	0.00013807191801529228
6.265897903883195	0.0005113910650580422	0.000137723505678089
6.275327396590317	0.0005156335768992104	0.0001373764244980702
6.284756889297441	0.0005205483698480506	0.00013703066763670613
6.294186382004563	0.0005262227458988633	0.00013668622829965393
6.303615874711687	0.0005327593166644107	0.0001363430997372017
6.313045367418809	0.0005402792491739916	0.00013600127524227013
6.322474860125933	0.0005489263304487846	0.0001356607481508565
6.331904352833055	0.0005588720898828115	0.00013532151184336705
6.341333845540179	0.0005703222975539379	0.00013498355974106424
6.350763338247301	0.0005835252647212741	0.00013464688530806512
6.360192830954425	0.0005987825213644715	0.00013431148205067522
6.369622323661547	0.0006164626508671223	0.00013397734351627832
6.379051816368671	0.0006370193463454132	0.00013364446329333646
6.388481309075793	0.0006610151477535187	0.00013331283501227809
6.397910801782915	0.0006891528652710477	0.00013298245234327766
6.407340294490039	0.0007223174449755287	0.0001326533089962556
6.416769787197161	0.0007616320453889269	0.00013232539872287674
6.426199279904285	0.0008085334102023722	0.00013199871531277552
6.435628772611407	0.0008648732062577213	0.0001316732525955544
6.445058265318531	0.0009330535630782677	0.0001313490044407839
6.454487758025653	0.001016205652906832	0.00013102596475511596
6.463917250732777	0.0011184171696714262	0.00013070412748472648
6.473346743439899	0.0012450013734444099	0.00013038348661376098
6.482776236147023	0.0014027611676461493	0.00013006403616455664
6.492205728854145	0.00160010122109	0.0001297457701969762
6.501635221561269	0.0018466089042847855	0.00012942868280707565
6.511064714268391	0.0021512512202461753	0.00012911276812999084
6.520494206975513	0.0025175770387670937	0.00012879802033594068
6.529923699682637	0.00293382485257232	0.00012848443363200346
6.539353192389759	0.0033581189926685795	0.0001281720022621169
6.548782685096883	0.0037087293553195178	0.00012786072050552377
6.5582121778040054	0.003883325503966084	0.00012755058267699404
6.567641670511129	0.003817808167242198	0.0001272415831270468
6.577071163218253	0.0035364482172288714	0.00012693371624172833
6.586500655925374	0.0031318788282863608	0.0001266269764410577
6.5959301486324975	0.002700865799666774	0.00012632135817991497
6.605359641339621	0.002304350012240164	0.0001260168559478192
6.614789134046745	0.001966614826987678	0.0001257134642684843
6.624218626753866	0.0016898617448866116	0.0001254111776987088
6.6336481194609895	0.0014668608271968253	0.00012510999082948615
6.643077612168113	0.0012879605361098	0.00012480989828511646
6.652507104875234	0.0011440773798596648	0.00012451089472320653
6.661936597582358	0.0010276323876867721	0.0001242129748328935
6.671366090289482	0.0009326247961629619	0.00012391613333773144
6.6807955829966055	0.0008544125554976745	0.00012362036499236062
6.690225075703726	0.0007894357137152586	0.00012332566458361782
6.69965456841085	0.0007349665210900636	0.00012303202693098036
6.709084061117974	0.0006889076283211892	0.00012273944688523386
6.7185135538250975	0.0006496369148498715	0.00012244791932758403
6.727943046532218	0.0006158908202422708	0.0001221574391720992
6.737372539239342	0.0005866774281606535	0.00012186800136237963
6.746802031946466	0.0005612118433813151	0.00012157960087333386
6.756231524653586	0.0005388680401630097	0.00012129223271073464
6.76566101736071	0.0005191428193347392	0.00012100589190944255
6.775090510067834	0.0005016286675953996	0.00012072057353584853
6.784520002774958	0.0004859931818963492	0.00012043627268543133
6.793949495482078	0.0004719633591301342	0.00012015298448275757
6.803378988189202	0.00045931351302730405	0.00011987070408214784
6.812808480896326	0.00044785591305296357	0.00011958942666812078
6.82223797360345	0.00043743348008651317	0.00011930914745295063
6.83166746631057	0.0004279140471343812	0.00011902986167733332
6.841096959017694	0.00041918581921707165	0.00011875156461216285
6.850526451724818	0.0004111537584259306	0.00011847425155520064
6.859955944431942	0.00040373668755866454	0.00011819791783307387
6.869385437139062	0.0003968649555281534	0.00011792255880016533
6.878814929846186	0.00039047854472396004	0.00011764816983816928
6.88824442255331	0.00038452552820178454	0.0001173747463567576
6.89767391526043	0.0003789608054010074	0.0001171022837931357
6.907103407967554	0.0003737450608773951	0.00011683077761115435
6.916532900674678	0.0003688439025788526	0.00011656022330175375
6.925962393381802	0.000364227145421836	0.00011629061638296356
6.935391886088922	0.00035986821304478944	0.0001160219523990147
6.944821378796046	0.0003557436361534272	0.00011575422692011728
6.95425087150317	0.00035183263017057875	0.00011548743554379293
6.963680364210294	0.000348116738301707	0.0001152215738926543
6.973109856917414	0.00034457952878685916	0.00011495663761529329
6.982539349624538	0.00034120633722989346	0.00011469262238605893
6.991968842331662	0.0003379840465844719	0.00011442952390439132
7.0013983350387825	0.00033490089870902295	0.00011416733789548772
7.010827827745906	0.0003319463325164307	0.0001139060601094144
7.02025732045303	0.00032911084459130713	0.00011364568632110661
7.029686813160154	0.00032638586887934196	0.00011338621233036861
7.0391163058672745	0.0003237636726256543	0.00011312763396098546
7.0485457985743984	0.00032123726621846593	0.00011286994706249942
7.057975291281522	0.00031880032498055044	0.00011261314750665719
7.067404783988646	0.0003164471212881992	0.00011235723119096264
7.076834276695767	0.00031417246565634827	0.00011210219403601229
7.0862637694028905	0.0003119716556636565	0.00011184803198638349
7.095693262110014	0.0003098404317889436	0.0001115947410097462
7.105122754817138	0.000307774939391825	0.00011134231709752918
7.114552247524259	0.00030577169622136857	0.0001110907562642538
7.1239817402313825	0.000303827564972714	0.00011084005454775614
7.133411232938506	0.00030193973052838885	0.00011059020800807673
7.142840725645627	0.00030010568164051676	0.00011034121272923691
7.152270218352751	0.00029832319693245957	0.00011009306481590819
7.161699711059875	0.00029659033521678424	0.00010984576039696492
7.1711292037669985	0.00029490543025989524	0.00010959929562281978
7.180558696474119	0.0002932670902893175	0.00010935366666564583
7.189988189181243	0.0002916742026997099	0.00010910886972026468
7.199417681888367	0.0002901259446679294	0.00010886490100237012
7.2088471745954905	0.0002886218006408203	0.00010862175675074859
7.218276667302611	0.0002871615880399858	0.00010837943322417054
7.227706160009735	0.0002857454929960923	0.00010813792670361089
7.237135652716859	0.0002843741185456494	0.00010789723349091673
7.246565145423979	0.0002830485485685319	0.00010765734990880738
7.255994638131103	0.00028177043187316286	0.00010741827230198453
7.265424130838227	0.0002805420923770452	0.00010717999703424574
7.274853623545351	0.00027936667345174193	0.00010694252049159303
7.284283116252471	0.000278248327415076	0.00010670583907934628
7.293712608959595	0.00027719246519364305	0.00010646994922347552
7.303142101666719	0.00027620608679446157	0.0001062348473712671
7.312571594373843	0.00027529822096106216	0.00010600052998799292
7.322001087080963	0.00027448051303125	0.00010576699356046326
7.331430579788087	0.000273768014323883	0.00010553423459480626
7.340860072495211	0.00027318024486611137	0.0001053022496162459
7.350289565202335	0.0002727426232687069	0.00010507103517110039
7.359719057909455	0.0002724883785365506	0.00010484058782345151
7.369148550616579	0.00027246106409273274	0.00010461090415692098
7.378578043323703	0.00027271774467063636	0.00010438198077533656
7.388007536030823	0.0002733327223263249	0.00010415381430028958
7.397437028737947	0.00027440107273335457	0.00010392640137268927
7.406866521445071	0.00027603975473766695	0.00010369973865231863
7.416296014152195	0.0002783806066410932	0.00010347382281761242
7.425725506859315	0.0002815426258921949	0.00010324865056543509
7.435154999566439	0.0002855602973603766	0.00010302421861063671
7.444584492273563	0.0002902396655946049	0.00010280052368716319
7.454013984980687	0.00029495258678302605	0.00010257756254605788
7.463443477687807	0.00029852646864458876	0.0001023553319567938
7.472872970394931	0.00029956696358102164	0.00010213382870727372
7.482302463102055	0.0002972981424169685	0.00010191304960271985
7.4917319558091755	0.00029217867460840097	0.00010169299146522981
7.501161448516299	0.0002855260322387476	0.00010147365113599705
7.510590941223423	0.00027863222702695367	0.00010125502547264631
7.520020433930547	0.0002722760092375154	0.00010103711135012183
7.5294499266376675	0.000266749654891818	0.00010081990566046528
7.538879419344791	0.00026206332871758775	0.00010060340531325984
7.548308912051915	0.0002581109840269491	0.0001003876072349641
7.557738404759039	0.0002547595346502618	0.00010017250836824587
7.56716789746616	0.00025188593289660055	9.995810567331453e-05
7.5765973901732835	0.0002493882443312945	9.974439612636665e-05
7.586026882880407	0.00024718599555573206	9.953137672069623e-05
7.595456375587528	0.0002452169837061646	9.93190444651404e-05
7.604885868294652	0.00024343348627553496	9.910739638629984e-05
7.6143153610017755	0.0002417988936633808	9.889642952498612e-05
7.623744853708899	0.0002402850085017061	9.868614093999639e-05
7.63317434641602	0.00023886997555311318	9.847652770478277e-05
7.642603839123144	0.00023753672739257325	9.826758690922865e-05
7.652033331830268	0.00023627182693974902	9.805931565853854e-05
7.6614628245373915	0.00023506460675659646	9.785171107501434e-05
7.670892317244512	0.0002339065274223895	9.764477029428065e-05
7.680321809951636	0.0002327906969432636	9.743849046883746e-05
7.68975130265876	0.00023171150857614897	9.723286876650583e-05
7.6991807953658835	0.0002306643660183738	9.702790237020587e-05
7.708610288073004	0.00022964547338477637	9.68235884775126e-05
7.718039780780128	0.00022865167351682203	9.661992430221034e-05
7.727469273487252	0.00022768032259445903	9.641690707162809e-05
7.736898766194372	0.00022672919219068888	9.621453402886004e-05
7.746328258901496	0.00022579639223496706	9.601280243209942e-05
7.75575775160862	0.00022488031000178488	9.581170955286211e-05
7.765187244315744	0.0002239795614784601	9.561125267865123e-05
7.774616737022864	0.00022309295235345417	9.541142911029254e-05
7.784046229729988	0.000222219446529337	9.521223616459906e-05
7.793475722437112	0.0002213581405670073	9.501367117081827e-05
7.802905215144236	0.00022050824282238146	9.48157314732967e-05
7.812334707851356	0.00021966905632297973	9.461841443125785e-05
7.82176420055848	0.00021883996464566735	9.44217174161377e-05
7.831193693265604	0.00021802042020824253	9.422563781491533e-05
7.840623185972724	0.0002172099345170153	9.403017302744843e-05
7.850052678679848	0.0002164080700086668	9.383532046847165e-05
7.859482171386972	0.00021561443319240148	9.364107756493212e-05
7.868911664094096	0.00021482866886723961	9.344744175865394e-05
7.878341156801216	0.0002140504552154976	9.325441050367367e-05
7.88777064950834	0.0002132794996370091	9.306198126868281e-05
7.897200142215464	0.0002125155351873076	9.287015153525147e-05
7.906629634922588	0.00021175831752806573	9.267891879805035e-05
7.916059127629708	0.00021100762230563674	9.248828056462877e-05
7.925488620336832	0.0002102632428864215	9.229823435608075e-05
7.934918113043956	0.00020952498840043354	9.210877770704506e-05
7.94434760575108	0.00020879268204065937	9.191990816326268e-05
7.9537770984582	0.00020806615958313124	9.173162328512952e-05
7.963206591165324	0.000207345268092185	9.154392064547601e-05
7.972636083872448	0.0002066298647900311	9.13567978282348e-05
7.9820655765795685	0.00020591981606021825	9.117025243221555e-05
7.991495069286692	0.00020521499657188969	9.098428206733011e-05
8.000924561993816	0.0002045152885070678	9.079888435614691e-05
8.01035405470094	0.00020382058087364818	9.061405693344682e-05
8.01978354740806	0.00020313076890143833	9.042979744666724e-05
8.029213040115184	0.00020244575349703808	9.024610355523599e-05
8.038642532822308	0.00020176544076644376	9.00629729310154e-05
8.048072025529432	0.0002010897415802848	8.988040325697e-05
8.057501518236553	0.00020041857119235118	8.969839222960907e-05
8.066931010943676	0.00019975184889009512	8.951693755587797e-05
8.0763605036508	0.00019908949768532302	8.933603695560066e-05
8.08578999635792	0.00019843144403353108	8.915568815903718e-05
8.095219489065045	0.00019777761757944212	8.897588890932617e-05
8.104648981772169	0.00019712795093096425	8.879663696093054e-05
8.114078474479292	0.00019648237944824842	8.861793008008156e-05
8.123507967186413	0.00019584084105783717	8.843976604322457e-05
8.132937459893537	0.00019520327607991383	8.82621426399055e-05
8.14236695260066	0.0001945696270724273	8.80850576694403e-05
8.151796445307784	0.00019393983868987164	8.790850894402347e-05
8.161225938014905	0.0001933138575518356	8.773249428539742e-05
8.170655430722029	0.00019269163212420892	8.7557011527295e-05
8.180084923429153	0.0001920731126103803	8.738205851455128e-05
8.189514416136277	0.0001914582508508733	8.720763310310353e-05
8.198943908843397	0.00019084700023164203	8.703373315843699e-05
8.20837340155052	0.0001902393155983617	8.686035655891544e-05
8.217802894257645	0.0001896351531798235	8.668750119222857e-05
8.227232386964765	0.00018903447051576983	8.651516495716827e-05
8.236661879671889	0.00018843722638828275	8.634334576296254e-05
8.246091372379013	0.0001878433807647184	8.617204153060776e-05
8.255520865086137	0.00018725289473664475	8.600125018976001e-05
8.264950357793257	0.00018666573047099178	8.583096968184378e-05
8.274379850500381	0.00018608185115809306	8.566119795805349e-05
8.283809343207505	0.00018550122097082955	8.549193298001967e-05
8.293238835914629	0.0001849238050199986	8.532317272025303e-05
8.302668328621749	0.00018434956931656643	8.51549151603681e-05
8.312097821328873	0.00018377848073725112	8.498715829308168e-05
8.321527314035997	0.00018321050699032781	8.481990012065843e-05
8.330956806743117	0.00018264561658654088	8.465313865535506e-05
8.340386299450241	0.00018208377881112625	8.448687191986437e-05
8.349815792157365	0.00018152496369694404	8.432109794598297e-05
8.359245284864489	0.00018096914200316228	8.415581477616563e-05
8.36867477757161	0.0001804162851914981	8.399102046197093e-05
8.378104270278733	0.00017986636540889833	8.382671306517153e-05
8.387533762985857	0.00017931935547044198	8.366289065686594e-05
8.396963255692981	0.00017877522884224284	8.349955131792264e-05
8.406392748400101	0.00017823395962879296	8.333669313898007e-05
8.415822241107225	0.00017769552256208243	8.317431421911436e-05
8.425251733814349	0.00017715989299027513	8.30124126685039e-05
8.434681226521473	0.0001766270468728237	8.285098660554269e-05
8.444110719228593	0.00017609696077247605	8.269003415772858e-05
8.453540211935717	0.00017556961185150044	8.252955346255142e-05
8.462969704642841	0.00017504497787257378	8.236954266682694e-05
8.472399197349961	0.00017452303719855955	8.220999992580857e-05
8.481828690057085	0.00017400376879539436	8.205092340385356e-05
8.49125818276421	0.0001734871522396375	8.189231127508911e-05
8.500687675471333	0.00017297316772690863	8.173416172208015e-05
8.510117168178454	0.00017246179608498835	8.15764729360513e-05
8.519546660885577	0.0001719530187898055	8.141924311821924e-05
8.528976153592701	0.00017144681798431094	8.126247047779422e-05
8.538405646299825	0.00017094317650534485	8.110615323264625e-05
8.547835139006946	0.00017044207791161448	8.095028960930506e-05
8.55726463171407	0.00016994350651966528	8.079487784384831e-05
8.566694124421193	0.00016944744744651352	8.063991618012523e-05
8.576123617128314	0.000168953886658052	8.048540287064476e-05
8.585553109835438	0.0001684628110292241	8.03313361774638e-05
8.594982602542562	0.00016797420841041522	8.01777143690785e-05
8.604412095249685	0.00016748806770894298	8.00245357241991e-05
8.613841587956806	0.0001670043789812059	7.987179852975146e-05
8.62327108066393	0.00016652313354525994	7.971950107954484e-05
8.632700573371054	0.0001660443241053855	7.956764167738051e-05
8.642130066078177	0.00016556794490529825	7.941621863438719e-05
8.651559558785298	0.0001650939919048966	7.926523027013133e-05
8.660989051492422	0.00016462246298765137	7.911467491172886e-05
8.670418544199546	0.0001641533582059651	7.896455089539955e-05
8.679848036906666	0.00016368668007249454	7.881485656469067e-05
8.68927752961379	0.00016322243390365365	7.86655902713651e-05
8.698707022320914	0.00016276062823039616	7.851675037517936e-05
8.708136515028038	0.00016230127528871208	7.83683352432174e-05
8.717566007735158	0.00016184439160338293	7.822034325122296e-05
8.726995500442282	0.0001613899986987466	7.807277278248925e-05
8.736424993149406	0.00016093812395023832	7.792562222763699e-05
8.74585448585653	0.00016048880162067292	7.777888998550253e-05
8.75528397856365	0.00016004207412922966	7.763257446224969e-05
8.764713471270774	0.00015959799359865912	7.748667407248e-05
8.774142963977898	0.00015915662377330442	7.734118723679018e-05
8.783572456685022	0.00015871804238631881	7.719611238510282e-05
8.793001949392142	0.00015828234412196274	7.705144795355778e-05
8.802431442099266	0.00015784964432463688	7.690719238606647e-05
8.81186093480639	0.00015742008368846427	7.67633441345339e-05
8.82129042751351	0.00015699383421385882	7.661990165708232e-05
8.830719920220634	0.00015657110683786613	7.64768634207158e-05
8.840149412927758	0.0001561521612662986	7.633422789843358e-05
8.849578905634882	0.00015573731874263252	7.619199357034034e-05
8.859008398342002	0.00015532697875109136	7.605015892497846e-05
8.868437891049126	0.0001549216410170473	7.590872245710756e-05
8.87786738375625	0.00015452193469411846	7.576768266903677e-05
8.887296876463374	0.0001541286573127909	7.562703806951454e-05
8.896726369170494	0.0001537428270170782	7.548678717506085e-05
8.906155861877618	0.0001533657528138832	7.534692850907909e-05
8.915585354584742	0.0001529991289432875	7.520746060141192e-05
8.925014847291862	0.00015264516071056278	7.506838198945154e-05
8.934444339998986	0.00015230672906429987	7.492969121702941e-05
8.94387383270611	0.00015198759693579866	7.479138683486042e-05
8.953303325413234	0.00015169264449643727	7.46534674005428e-05
8.962732818120354	0.00015142807587653628	7.451593147855817e-05
8.972162310827478	0.0001512014290299124	7.437877764004952e-05
8.981591803534602	0.0001510209721562461	7.42420044625991e-05
8.991021296241726	0.0001508935892517993	7.41056105308946e-05
9.000450788948847	0.00015081958205254153	7.396959443606299e-05
9.00988028165597	0.0001507827570010889	7.383395477522647e-05
9.019309774363094	0.00015073757482730876	7.369869015305675e-05
9.028739267070218	0.00015060565969093886	7.356379917999867e-05
9.038168759777339	0.00015030294940832079	7.34292804729364e-05
9.047598252484462	0.00014979440119056164	7.329513265563747e-05
9.057027745191586	0.00014912245839693306	7.316135435786464e-05
9.066457237898707	0.000148372940174335	7.302794421604197e-05
9.07588673060583	0.00014762138098034505	7.289490087281081e-05
9.085316223312955	0.00014690975589282118	7.276222297680768e-05
9.094745716020078	0.00014625192235495632	7.262990918377454e-05
9.104175208727199	0.00014564649872461644	7.249795815433835e-05
9.113604701434323	0.00014508626173426187	7.236636855623146e-05
9.123034194141447	0.00014456293509557128	7.223513906340351e-05
9.13246368684857	0.00014406908526320983	7.210426835535522e-05
9.14189317955569	0.00014359862992741057	7.197375511824866e-05
9.151322672262815	0.00014314679410243336	7.184359804335294e-05
9.160752164969939	0.00014270989530351663	7.171379582904258e-05
9.170181657677059	0.0001422851097458988	7.158434717968731e-05
9.179611150384183	0.00014187027016832054	7.145525080409776e-05
9.189040643091307	0.0001414637055507928	7.132650541841201e-05
9.19847013579843	0.0001410641189094619	7.119810974476337e-05
9.207899628505551	0.00014067049575583468	7.107006250972603e-05
9.217329121212675	0.00014028203597749034	7.094236244742369e-05
9.226758613919799	0.00013989810317571738	7.081500829642096e-05
9.236188106626923	0.00013951818687374384	7.068799880172172e-05
9.245617599334043	0.0001391418741787387	7.056133271365894e-05
9.255047092041167	0.00013876882840690996	7.043500878833875e-05
9.26447658474829	0.00013839877284094193	7.030902578808451e-05
9.273906077455415	0.00013803147830349083	7.018338248010458e-05
9.283335570162535	0.00013766675357995695	7.005807763782457e-05
9.292765062869659	0.00013730443798087855	6.993311003911096e-05
9.302194555576783	0.00013694439552658366	6.980847846893568e-05
9.311624048283903	0.00013658651037151692	6.968418171671154e-05
9.321053540991027	0.00013623068317336617	6.956021857740247e-05
9.330483033698151	0.00013587682819804492	6.94365878519676e-05
9.339912526405275	0.00013552487099777188	6.931328834625106e-05
9.349342019112395	0.00013517474653301775	6.919031887164806e-05
9.35877151181952	0.00013482639764927917	6.906767824510496e-05
9.368201004526643	0.00013447977383251875	6.894536528800899e-05
9.377630497233767	0.0001341348301879819	6.882337882863077e-05
9.387059989940887	0.00013379152659709348	6.870171769901567e-05
9.396489482648011	0.0001334498270193496	6.85803807372043e-05
9.405918975355135	0.000133109698912115	6.845936678634423e-05
9.415348468062255	0.00013277111274057063	6.833867469491217e-05
9.42477796076938	0.00013243404157248229	6.821830331582568e-05
