PARAMETERS	4	4.0	2.0	4	0	-10.102748483462
#OMEGA	VALUE
-9.42477796076938	5.964938902902617e-05	0.00018477137949202138
-9.415348468062257	5.974775731298898e-05	0.00018391005767992574
-9.405918975355133	5.9846370402683036e-05	0.00018326589247741332
-9.396489482648011	5.994522911589861e-05	0.00018279963226586204
-9.387059989940887	6.004433427264644e-05	0.0001824804051280271
-9.377630497233765	6.014368669693404e-05	0.0001822837389660048
-9.368201004526641	6.024328721565553e-05	0.00018219008450692797
-9.35877151181952	6.034313665992386e-05	0.0001821837078541666
-9.349342019112395	6.044323586351652e-05	0.0001822518549134955
-9.339912526405273	6.0543585664873945e-05	0.00018238411658977327
-9.33048303369815	6.0644186904212916e-05	0.00018257194303838986
-9.321053540991027	6.074504042730133e-05	0.00018280826925454186
-9.311624048283903	6.084614708257163e-05	0.00018308722439730474
-9.302194555576781	6.094750772134283e-05	0.00018340390451854205
-9.292765062869659	6.104912319937483e-05	0.00018375419364402568
-9.283335570162535	6.115099437598026e-05	0.00018413462198263453
-9.273906077455413	6.125312211402445e-05	0.0001845422528432561
-9.264476584748289	6.135550728014749e-05	0.0001849745918960366
-9.255047092041167	6.14581507445422e-05	0.00018542951393474283
-9.245617599334043	6.156105338095408e-05	0.00018590520344208272
-9.236188106626921	6.166421606668138e-05	0.00018640010609605184
-9.226758613919797	6.176763968324117e-05	0.0001869128890090721
-9.217329121212675	6.18713251159253e-05	0.00018744240797485823
-9.207899628505551	6.197527325357832e-05	0.00018798768036365487
-9.198470135798429	6.207948498881954e-05	0.00018854786260225076
-9.189040643091305	6.218396121759895e-05	0.00018912223139189166
-9.179611150384183	6.228870284097354e-05	0.00018971016798374762
-9.17018165767706	6.239371076244282e-05	0.0001903111449783612
-9.160752164969937	6.249898589061331e-05	0.00019092471520565368
-9.151322672262815	6.260452913697812e-05	0.00019155050233909954
-9.14189317955569	6.271034141747123e-05	0.0001921881929571878
-9.132463686848569	6.281642365202345e-05	0.00019283752981302804
-9.123034194141445	6.292277676411828e-05	0.0001934983061335771
-9.113604701434323	6.302940168101401e-05	0.00019417036077573613
-9.104175208727199	6.313629933529796e-05	0.00019485357412651894
-9.094745716020077	6.324347066222202e-05	0.0001955478646278319
-9.085316223312953	6.335091660125691e-05	0.00019625318584459706
-9.07588673060583	6.345863809631425e-05	0.0001969695240022773
-9.066457237898707	6.356663609530244e-05	0.0001976968959269687
-9.057027745191585	6.367491155034877e-05	0.00019843534735008994
-9.047598252484462	6.378346541691116e-05	0.00019918495151749482
-9.038168759777339	6.38922986562207e-05	0.00019994580808879725
-9.028739267070216	6.400141223128486e-05	0.00020071804227850265
-9.019309774363093	6.411080711199446e-05	0.00020150180423095243
-9.00988028165597	6.422048427023874e-05	0.00020229726859799513
-9.000450788948847	6.433044468345805e-05	0.00020310463431116865
-8.991021296241724	6.444068933286751e-05	0.00020392412453418274
-8.9815918035346	6.455121920367901e-05	0.00020475598678237894
-8.972162310827478	6.466203528554537e-05	0.00020560049320716978
-8.962732818120354	6.477313857300437e-05	0.0002064579410390177
-8.953303325413232	6.48845300645906e-05	0.00020732865318517923
-8.94387383270611	6.499621076283546e-05	0.00020821297898288016
-8.934444339998986	6.510818167515531e-05	0.0002091112951081442
-8.925014847291864	6.522044381296332e-05	0.00021002400664382748
-8.91558535458474	6.533299819255767e-05	0.00021095154831241025
-8.906155861877618	6.54458458342333e-05	0.0002118943858775424
-8.896726369170494	6.55589877629481e-05	0.00021285301772522303
-8.887296876463372	6.567242500832293e-05	0.00021382797663327402
-8.877867383756248	6.57861586044195e-05	0.00021481983173998742
-8.868437891049126	6.590018958974042e-05	0.0002158291907301546
-8.859008398342002	6.60145190076733e-05	0.0002168567022504675
-8.84957890563488	6.612914790538049e-05	0.00021790305857294356
-8.840149412927756	6.624407733557547e-05	0.0002189689985334642
-8.830719920220634	6.635930835585668e-05	0.00022005531076119134
-8.82129042751351	6.647484202670917e-05	0.00022116283723327967
-8.811860934806388	6.659067941572339e-05	0.00022229247718352774
-8.802431442099266	6.670682159293229e-05	0.00022344519139694263
-8.793001949392142	6.682326963503016e-05	0.00022462200693973422
-8.78357245668502	6.6940024622264e-05	0.0002258240223538266
-8.774142963977896	6.705708764065399e-05	0.00022705241338383253
-8.764713471270774	6.717445977955094e-05	0.00022830843928045574
-8.75528397856365	6.72921421343009e-05	0.0002295934497533736
-8.745854485856528	6.741013580557897e-05	0.00023090889264132386
-8.736424993149404	6.752844189761298e-05	0.00023225632238865757
-8.726995500442282	6.76470615204039e-05	0.00023363740941739763
-8.717566007735158	6.776599578883769e-05	0.00023505395050626987
-8.708136515028036	6.78852458222412e-05	0.00023650788029727643
-8.698707022320914	6.80048127463806e-05	0.00023800128406992194
-8.68927752961379	6.812469769013063e-05	0.00023953641194496278
-8.679848036906668	6.824490178858333e-05	0.00024111569469886796
-8.670418544199544	6.836542618238184e-05	0.00024274176139793546
-8.660989051492422	6.84862720152779e-05	0.0002444174590987558
-8.651559558785298	6.86074404390169e-05	0.0002461458748859169
-8.642130066078176	6.872893260800872e-05	0.0002479303605760208
-8.632700573371052	6.885074968288052e-05	0.00024977456045216506
-8.62327108066393	6.89728928300326e-05	0.00025168244246720484
-8.613841587956806	6.909536322030618e-05	0.00025365833341139954
-8.604412095249684	6.921816203031561e-05	0.0002557069586310856
-8.59498260254256	6.934129044111614e-05	0.0002578334869820509
-8.585553109835438	6.946474964064642e-05	0.00026004358181341836
-8.576123617128314	6.958854082061983e-05	0.00026234345892217625
-8.566694124421192	6.97126651794111e-05	0.0002647399525905758
-8.55726463171407	6.983712392005792e-05	0.0002672405910004727
-8.547835139006946	6.996191825092701e-05	0.00026985368258558573
-8.538405646299823	7.008704938726851e-05	0.0002725884151564273
-8.5289761535927	7.02125185476632e-05	0.000275454969989708
-8.519546660885577	7.033832695824138e-05	0.0002784646535147761
-8.510117168178454	7.046447584957427e-05	0.0002816300497474611
-8.500687675471331	7.059096645800622e-05	0.0002849651972649525
-8.491258182764208	7.071780002632089e-05	0.0002884857953278086
-8.481828690057085	7.084497780152077e-05	0.00029220944471486376
-8.472399197349961	7.097250103793584e-05	0.00029615593008447405
-8.46296970464284	7.110037099455901e-05	0.00030034755217656084
-8.453540211935717	7.12285889363784e-05	0.00030480952009637186
-8.444110719228593	7.135715613415528e-05	0.0003095704163202928
-8.434681226521471	7.14860738650902e-05	0.00031466275009961464
-8.425251733814347	7.16153434110467e-05	0.0003201236188219436
-8.415822241107225	7.174496606143776e-05	0.00032599550182421666
-8.406392748400101	7.18749431094512e-05	0.00033232721751907945
-8.39696325569298	7.200527585649041e-05	0.00033917508291203546
-8.387533762985855	7.213596560862179e-05	0.00034660432528710317
-8.378104270278733	7.226701367812893e-05	0.00035469080980887746
-8.36867477757161	7.239842138329067e-05	0.0003635231652181492
-8.359245284864487	7.25301900492692e-05	0.00037320541416097086
-8.349815792157365	7.266232100633374e-05	0.0003838602472028274
-8.340386299450241	7.279481559141487e-05	0.00039563312319379484
-8.330956806743117	7.292767514788245e-05	0.00040869743751659193
-8.321527314035995	7.306090102510154e-05	0.00042326107979007155
-8.312097821328873	7.319449457821037e-05	0.00043957481197942627
-8.302668328621749	7.332845716923053e-05	0.00045794304826629606
-8.293238835914627	7.346279016662294e-05	0.0004787378257555819
-8.283809343207503	7.359749494528778e-05	0.0005024170429945851
-8.274379850500381	7.373257288545432e-05	0.0005295484427290109
-8.264950357793257	7.386802537556747e-05	0.0005608413682949287
-8.255520865086135	7.400385380873509e-05	0.000597189082224503
-8.246091372379011	7.414005958605863e-05	0.0006397254589571855
-8.236661879671889	7.427664411463475e-05	0.0006899011914847097
-8.227232386964765	7.441360880822145e-05	0.0007495862418667176
-8.217802894257643	7.455095508657195e-05	0.0008212068187702926
-8.20837340155052	7.468868437698895e-05	0.0009079256935802249
-8.198943908843397	7.482679811321447e-05	0.001013871453358517
-8.189514416136275	7.49652977358739e-05	0.0011444084753575723
-8.18008492342915	7.510418469203195e-05	0.00130639868489979
-8.170655430722029	7.524346043563668e-05	0.0015083022460260498
-8.161225938014905	7.538312642796363e-05	0.0017597250698500044
-8.151796445307783	7.55231841365056e-05	0.002069536169419517
-8.142366952600659	7.566363503630491e-05	0.0024409133712699482
-8.132937459893537	7.580448060884315e-05	0.0028612294564425156
-8.123507967186413	7.59457223429294e-05	0.0032871711827571204
-8.11407847447929	7.608736173470021e-05	0.00363561952579583
-8.104648981772169	7.622940028717551e-05	0.003804497543165919
-8.095219489065045	7.637183951025861e-05	0.0037325520610633767
-8.08578999635792	7.65146809211803e-05	0.003447564937486325
-8.076360503650799	7.665792604449884e-05	0.003043504755172677
-8.066931010943676	7.680157641232199e-05	0.00261615338321719
-8.057501518236553	7.694563356341888e-05	0.0022248339586090626
-8.04807202552943	7.709009904455222e-05	0.0018926721213528008
-8.038642532822307	7.723497440892402e-05	0.001621305498906489
-8.029213040115184	7.738026121839603e-05	0.0014033178589287765
-8.01978354740806	7.752596104193543e-05	0.0012290485890105174
-8.010354054700938	7.767207545517074e-05	0.0010894691377383303
-8.000924561993815	7.781860604261226e-05	0.0009770684762580029
-7.991495069286692	7.796555439543162e-05	0.0008859077490279699
-7.982065576579569	7.811292211257204e-05	0.000811395698676165
-7.972636083872446	7.82607108009703e-05	0.0007500122683925525
-7.963206591165323	7.840892207577888e-05	0.0006990605332173327
-7.9537770984582	7.855755755858951e-05	0.0006564669153448222
-7.944347605751077	7.870661888009778e-05	0.0006206277563196583
-7.934918113043954	7.885610767832674e-05	0.0005902940260114065
-7.925488620336832	7.9006025599071e-05	0.0005644854521518194
-7.916059127629708	7.915637429611877e-05	0.0005424266771967279
-7.906629634922586	7.930715543214006e-05	0.0005234996852665486
-7.897200142215463	7.945837067713235e-05	0.0005072081894270664
-7.88777064950834	7.961002170908671e-05	0.0004931508132679507
-7.878341156801217	7.976211021420987e-05	0.00048100075963652955
-7.868911664094094	7.991463788692421e-05	0.00047049028864187825
-7.859482171386971	8.00676064305339e-05	0.0004613987827195576
-7.850052678679848	8.022101755611466e-05	0.0004535435051351566
-7.840623185972725	8.037487298295787e-05	0.00044677239519219647
-7.831193693265602	8.052917443901464e-05	0.0004409584146971568
-7.821764200558479	8.068392366067378e-05	0.00043599508457936587
-7.812334707851356	8.083912239276181e-05	0.0004317929413462096
-7.802905215144234	8.099477238876496e-05	0.000428276709724118
-7.79347572243711	8.115087541060717e-05	0.00042538303711547876
-7.784046229729988	8.130743322887213e-05	0.0004230586721918339
-7.774616737022865	8.146444762324734e-05	0.0004212589974450509
-7.765187244315742	8.162192038163596e-05	0.00041994684628421375
-7.755757751608619	8.177985330104498e-05	0.0004190915510957627
-7.746328258901496	8.193824818758522e-05	0.0004186681808313608
-7.736898766194373	8.209710685558314e-05	0.0004186569361255277
-7.72746927348725	8.225643112869108e-05	0.000419042677352488
-7.718039780780127	8.24162228401093e-05	0.0004198145669465081
-7.708610288073004	8.257648383125371e-05	0.00042096581211215067
-7.699180795365881	8.273721595308814e-05	0.0004224934980614492
-7.689751302658758	8.289842106634637e-05	0.0004243985053564714
-7.680321809951636	8.306010103953376e-05	0.0004266855080281573
-7.670892317244512	8.32222577518138e-05	0.0004293630520277869
-7.66146282453739	8.338489309078767e-05	0.0004324437164389128
-7.652033331830267	8.35480089547147e-05	0.00043594436284366544
-7.642603839123144	8.371160724962579e-05	0.000439886481487628
-7.633174346416021	8.387568989243199e-05	0.00044429664661005397
-7.623744853708898	8.404025880892618e-05	0.00044920709766116396
-7.614315361001775	8.420531593511527e-05	0.00045465646846043484
-7.604885868294652	8.437086321588794e-05	0.00046069069291143627
-7.595456375587529	8.453690260634694e-05	0.0004673641241901283
-7.586026882880406	8.470343607158703e-05	0.0004747409148875281
-7.576597390173283	8.487046558669498e-05	0.0004828967192349598
-7.56716789746616	8.503799313586136e-05	0.0004919207962874594
-7.5577384047590375	8.520602071371286e-05	0.0005019186162489309
-7.548308912051914	8.537455032553432e-05	0.0005130151029326679
-7.538879419344791	8.554358398615847e-05	0.000525358686416233
-7.529449926637668	8.571312372041007e-05	0.0005391263950214054
-7.520020433930545	8.588317156354996e-05	0.0005545302901548421
-7.510590941223422	8.605372956105306e-05	0.0005718256486841877
-7.501161448516299	8.622479976949649e-05	0.0005913214358992391
-7.491731955809176	8.639638425478324e-05	0.0006133938024124319
-7.482302463102053	8.656848509391857e-05	0.0006385036013725198
-7.47287297039493	8.674110437412175e-05	0.0006672192869492388
-7.463443477687807	8.69142441937143e-05	0.0007002470608741262
-7.454013984980684	8.708790666145383e-05	0.0007384708335251844
-7.444584492273561	8.726209389720019e-05	0.0007830055249058443
-7.435154999566439	8.743680803036114e-05	0.000835268518440957
-7.425725506859315	8.761205120300097e-05	0.0008970757383695016
-7.416296014152193	8.778782556695397e-05	0.0009707707721873238
-7.406866521445069	8.796413328515662e-05	0.0010593972672972019
-7.397437028737947	8.814097653253583e-05	0.001166925109526984
-7.388007536030824	8.831835749378847e-05	0.0012985358859205487
-7.378578043323701	8.849627836582385e-05	0.0014609534515823697
-7.369148550616578	8.867474135709763e-05	0.0016627489059946043
-7.359719057909455	8.885374868650153e-05	0.001914407225660275
-7.350289565202332	8.903330258469566e-05	0.0022276205266853477
-7.340860072495209	8.921340529410848e-05	0.0026126352998812052
-7.331430579788087	8.939405906871478e-05	0.003071533102743551
-7.322001087080963	8.957526617336953e-05	0.0035850071395904237
-7.312571594373841	8.975702888647241e-05	0.004094144966599655
-7.303142101666717	8.993934949597104e-05	0.0044924727916877405
-7.293712608959595	9.012223030335775e-05	0.00465834329006154
-7.284283116252471	9.030567362078301e-05	0.004530666304858988
-7.274853623545349	9.04896817743861e-05	0.004157930179850444
-7.265424130838226	9.067425709985422e-05	0.003658760765993252
-7.255994638131103	9.085940194708542e-05	0.0031444175704027355
-7.24656514542398	9.104511867685794e-05	0.002679826894537385
-7.237135652716857	9.12314096632727e-05	0.0022882247131807976
-7.227706160009734	9.141827729286511e-05	0.0019693256676429627
-7.218276667302611	9.160572396349487e-05	0.001713421734178544
-7.208847174595489	9.179375208656637e-05	0.0015087967701072902
-7.199417681888365	9.198236408547444e-05	0.0013447506235522155
-7.189988189181243	9.217156239782476e-05	0.0012124673447375667
-7.180558696474119	9.236134947188113e-05	0.001105006363356642
-7.171129203766997	9.255172777056231e-05	0.0010170112658522967
-7.161699711059874	9.274269976877747e-05	0.0009443767472687714
-7.152270218352751	9.293426795475845e-05	0.0008839560677991187
-7.142840725645628	9.312643482939365e-05	0.0008333275656304817
-7.133411232938505	9.331920290800433e-05	0.0007906160876036683
-7.123981740231382	9.351257471812424e-05	0.0007543590469827333
-7.114552247524259	9.370655280083184e-05	0.0007234067151875578
-7.105122754817136	9.390113971097236e-05	0.0006968480769302676
-7.095693262110013	9.409633801671369e-05	0.0006739555464294611
-7.0862637694028905	9.429215030043459e-05	0.0006541435451781208
-7.076834276695767	9.44885791573924e-05	0.0006369372743861845
-7.0674047839886445	9.468562719727736e-05	0.0006219490114132142
-7.057975291281521	9.48832970426583e-05	0.0006088599877234202
-7.0485457985743984	9.508159133209126e-05	0.0005974064327347595
-7.039116305867275	9.52805127161227e-05	0.0005873687476916079
-7.029686813160152	9.548006386128627e-05	0.0005785630475687586
-7.020257320453029	9.568024744610604e-05	0.0005708345070807308
-7.010827827745906	9.588106616642555e-05	0.0005640520907441715
-7.001398335038783	9.608252272985673e-05	0.0005581043520457296
-6.99196884233166	9.628461985955461e-05	0.0005528960639393787
-6.982539349624537	9.648736029443938e-05	0.0005483455000137027
-6.973109856917414	9.669074678630984e-05	0.0005443822281048227
-6.963680364210292	9.689478210295199e-05	0.0005409453099558537
-6.954250871503168	9.709946902702882e-05	0.0005379818244941603
-6.944821378796046	9.730481035519212e-05	0.0005354456504751415
-6.935391886088922	9.751080890052499e-05	0.0005332964581201693
-6.9259623933818	9.771746749098753e-05	0.0005314988700346746
-6.916532900674677	9.792478896941681e-05	0.0005300217599197854
-6.907103407967554	9.813277619463712e-05	0.0005288376639827064
-6.897673915260431	9.834143204012769e-05	0.0005279222849443599
-6.888244422553308	9.855075939579905e-05	0.000527254072465011
-6.878814929846185	9.87607611673269e-05	0.0005268138669010103
-6.869385437139062	9.897144027615212e-05	0.0005265845957618254
-6.859955944431939	9.918279965859256e-05	0.0005265510141851948
-6.850526451724816	9.939484226872963e-05	0.0005266994823367455
-6.841096959017694	9.960757107507767e-05	0.0005270177738652126
-6.83166746631057	9.98209890645807e-05	0.0005274949106015558
-6.822237973603448	0.00010003509923794951	0.000528121019481409
-6.812808480896324	0.00010024990461410255	0.0005288872083670793
-6.803378988189202	0.00010046540822816752	0.000529785457984211
-6.793949495482079	0.00010068161313192547	0.000530808527640092
-6.784520002774956	0.00010089852239403285	0.0005319498727640593
-6.775090510067833	0.00010111613909935535	0.0005332035726173245
-6.76566101736071	0.00010133446635118837	0.0005345642667773376
-6.756231524653587	0.00010155350726837042	0.0005360270992067484
-6.746802031946464	0.00010177326498816974	0.0005375876689015513
-6.737372539239342	0.00010199374266495198	0.0005392419862551012
-6.727943046532218	0.00010221494347018023	0.0005409864344061432
-6.718513553825096	0.0001024368705933032	0.0005428177349353636
-6.709084061117972	0.00010265952724153316	0.0005447329173744464
-6.69965456841085	0.00010288291663917981	0.000546729292050685
-6.690225075703726	0.00010310704202964871	0.0005488044258739055
-6.680795582996604	0.00010333190667366488	0.0005509561207102109
-6.671366090289481	0.00010355751385038303	0.0005531823940394531
-6.661936597582358	0.00010378386685694352	0.0005554814616355319
-6.652507104875235	0.0001040109690100266	0.0005578517220408141
-6.643077612168112	0.00010423882364363202	0.0005602917426281717
-6.633648119460989	0.0001044674341106333	0.0005628002470849935
-6.624218626753866	0.00010469680378366597	0.0005653761041568561
-6.6147891340467435	0.00010492693605335113	0.0005680183175211795
-6.60535964133962	0.00010515783432940573	0.0005707260166725181
-6.5959301486324975	0.00010538950204175279	0.000573498448713794
-6.586500655925374	0.00010562194263852298	0.0005763349709608789
-6.5770711632182515	0.00010585515958805303	0.0005792350442828109
-6.567641670511128	0.00010608915637799754	0.0005821982271030368
-6.5582121778040054	0.00010632393651555105	0.0005852241699988436
-6.548782685096882	0.00010655950352789212	0.0005883126108428005
-6.539353192389759	0.00010679586096284943	0.0005914633704395822
-6.529923699682636	0.00010703301238756957	0.0005946763486051054
-6.520494206975513	0.0001072709613900713	0.0005979515206606667
-6.51106471426839	0.00010750971157791334	0.0006012889342983385
-6.501635221561267	0.00010774926658041473	0.0006046887067869822
-6.492205728854145	0.0001079896300471006	0.0006081510224966724
-6.482776236147021	0.00010823080564770216	0.0006116761307117802
-6.473346743439899	0.00010847279707437707	0.0006152643437131733
-6.463917250732775	0.00010871560803860092	0.0006189160351084411
-6.454487758025653	0.00010895924227494191	0.0006226316383954877
-6.445058265318529	0.00010920370353773023	0.0006264116457399549
-6.435628772611407	0.00010944899560461074	0.0006302566069580351
-6.426199279904284	0.00010969512227365641	0.0006341671286884676
-6.416769787197161	0.00010994208736558875	0.0006381438737443901
-6.407340294490038	0.00011018989472244556	0.0006421875606363869
-6.397910801782915	0.00011043854820869115	0.0006462989632598504
-6.388481309075792	0.00011068805171188245	0.0006504789107344422
-6.379051816368669	0.00011093840914111475	0.0006547282873974325
-6.369622323661547	0.00011118962442857594	0.0006590480329391468
-6.360192830954423	0.00011144170152932453	0.0006634391426778574
-6.350763338247301	0.00011169464442151167	0.0006679026679750066
-6.341333845540177	0.0001119484571052709	0.0006724397167827689
-6.331904352833055	0.00011220314360627093	0.0006770514543228412
-6.322474860125931	0.00011245870797171875	0.0006817391038973497
-6.313045367418809	0.00011271515427258016	0.0006865039478318735
-6.303615874711686	0.00011297248660535608	0.000691347328543479
-6.294186382004563	0.00011323070908830779	0.0006962706497464222
-6.28475688929744	0.0001134898258656758	0.0007012753777821956
-6.275327396590317	0.00011374984110434916	0.00070636304308902
-6.265897903883194	0.0001140107589969741	0.0007115352418038956
-6.256468411176071	0.00011427258375995564	0.0007167936375038764
-6.247038918468949	0.00011453531963567798	0.0007221399630881198
-6.237609425761825	0.00011479897089050617	0.0007275760228067085
-6.228179933054703	0.00011506354181634038	0.00073310369443913
-6.218750440347579	0.00011532903673039385	0.0007387249316275213
-6.209320947640457	0.00011559545997563703	0.0007444417663702296
-6.199891454933333	0.00011586281592035341	0.0007502563116839056
-6.190461962226211	0.00011613110895924983	0.0007561707644374582
-6.181032469519088	0.00011640034351234618	0.0007621874083696412
-6.171602976811965	0.00011667052402697387	0.0007683086172936004
-6.162173484104842	0.00011694165497655451	0.0007745368585023726
-6.152743991397719	0.00011721374086093306	0.0007808746963833268
-6.143314498690596	0.0001174867862065998	0.0007873247962491003
-6.133885005983473	0.00011776079556802266	0.000793889928402125
-6.1244555132763505	0.00011803577352598182	0.0008005729724418487
-6.115026020569227	0.00011831172468901308	0.0008073769218268634
-6.1055965278621045	0.00011858865369340776	0.0008143048887090387
-6.096167035154981	0.00011886656520387895	0.000821360109057423
-6.0867375424478585	0.00011914546391178504	0.0008285459480807944
-6.077308049740735	0.00011942535453801639	0.0008358659059757301
-6.0678785570336125	0.00011970624183099687	0.000843323624016179
-6.058449064326489	0.00011998813056890434	0.0008509228910043021
-6.049019571619366	0.00012027102555745017	0.0008586676501067814
-6.039590078912243	0.00012055493163232178	0.0008665620061041324
-6.03016058620512	0.00012083985365851646	0.0008746102330732253
-6.020731093497997	0.00012112579653056343	0.0008828167825367661
-6.011301600790874	0.00012141276517207977	0.0008911862921097136
-6.001872108083752	0.00012170076453710266	0.0008997235946710536
-5.992442615376628	0.00012198979960964529	0.0009084337281075605
-5.983013122669506	0.00012227987540480711	0.0009173219456544146
-5.973583629962382	0.00012257099696721951	0.0009263937268879641
-5.96415413725526	0.00012286316937326625	0.0009356547894039391
-5.954724644548137	0.00012315639772975118	0.0009451111012417357
-5.945295151841014	0.00012345068717523056	0.0009547688940987342
-5.935865659133891	0.00012374604287956892	0.0009646346773950487
-5.926436166426768	0.00012404247004482727	0.0009747152532548764
-5.917006673719645	0.0001243399739039308	0.0009850177324641773
-5.907577181012522	0.00012463855972355553	0.0009955495514866186
-5.898147688305399	0.00012493823280146366	0.0010063184906095035
-5.888718195598276	0.00012523899846961228	0.0010173326933144988
-5.879288702891154	0.00012554086209148885	0.0010286006869559827
-5.86985921018403	0.00012584382906433156	0.0010401314048638088
-5.860429717476908	0.0001261479048195735	0.0010519342099684081
-5.851000224769784	0.00012645309482106626	0.0010640189200772365
-5.841570732062662	0.00012675940456752244	0.001076395834935795
-5.832141239355539	0.0001270668395918495	0.00108907576521311
-5.822711746648416	0.00012737540546137183	0.00110207006357399
-5.813282253941293	0.00012768510777738662	0.0011153906580079198
-5.80385276123417	0.00012799595217738435	0.001129050087609107
-5.794423268527047	0.00012830794433305037	0.0011430615410077394
-5.784993775819924	0.00012862108995270738	0.0011574388976871575
-5.775564283112801	0.00012893539477953908	0.001172196772432521
-5.766134790405678	0.0001292508645931445	0.0011873505631865289
-5.756705297698556	0.00012956750520931593	0.0012029165026135047
-5.747275804991432	0.0001298853224813712	0.0012189117137058059
-5.73784631228431	0.0001302043222983773	0.0012353542697960407
-5.728416819577186	0.00013052451058714887	0.001252263259384323
-5.718987326870064	0.00013084589331135987	0.001269658856217104
-5.709557834162941	0.00013116847647354213	0.001287562395122066
-5.700128341455818	0.00013149226611375298	0.001305996454138425
-5.690698848748695	0.0001318172683095753	0.0013249849435481575
-5.681269356041572	0.00013214348917856	0.001344553202480503
-5.671839863334449	0.00013247093487667172	0.0013647281038371428
-5.662410370627326	0.00013279961159873288	0.0013855381683631762
-5.652980877920203	0.0001331295255793119	0.0014070136887900375
-5.64355138521308	0.00013346068309316728	0.001429186865080867
-5.6341218925059575	0.00013379309045480348	0.0014520919519218634
-5.624692399798834	0.00013412675401980323	0.0014757654197525838
-5.6152629070917115	0.00013446168018305116	0.001500246130768268
-5.605833414384588	0.00013479787538250854	0.001525575531505785
-5.5964039216774655	0.00013513534609610467	0.0015517978638286412
-5.5869744289703425	0.00013547409884395734	0.0015789603963420884
-5.5775449362632195	0.00013581414018815074	0.0016071136785295037
-5.5681154435560964	0.00013615547673317963	0.001636311820200964
-5.558685950848973	0.00013649811512705945	0.0016666127991679103
-5.54925645814185	0.00013684206205888394	0.0016980788004505865
-5.539826965434727	0.000137187324263488	0.0017307765907641492
-5.530397472727605	0.00013753390851789504	0.001764777932533157
-5.520967980020481	0.00013788182164309326	0.0018001600422730135
-5.511538487313359	0.00013823107050581207	0.001837006098848848
-5.502108994606235	0.0001385816620167457	0.0018754058079002434
-5.492679501899113	0.0001389336031307753	0.0019154560296346101
-5.483250009191989	0.0001392869008502995	0.001957261478231942
-5.473820516484867	0.00013964156222190383	0.0020009355023391517
-5.464391023777744	0.00013999759433858117	0.002046600957550382
-5.454961531070621	0.000140355004341286	0.0020943911834605533
-5.445532038363498	0.0001407137994160479	0.0021444510998167576
-5.436102545656375	0.0001410739867973021	0.002196938438624896
-5.426673052949252	0.00014143557376655735	0.0022520251317672546
-5.417243560242129	0.0001417985676546163	0.0023098988769196804
-5.407814067535006	0.00014216297583913295	0.002370764908349088
-5.398384574827883	0.00014252880574727733	0.00243484800371796
-5.38895508212076	0.00014289606485617945	0.002502394763408411
-5.379525589413638	0.00014326476069115301	0.002573676205340436
-5.370096096706515	0.00014363490082902608	0.002648990726000555
-5.360666603999392	0.00014400649289569856	0.002728667487710057
-5.351237111292269	0.00014437954456880675	0.0028130703034117133
-5.341807618585146	0.0001447540635775013	0.0029026021038796035
-5.332378125878023	0.00014513005770133702	0.002997710088821215
-5.3229486331709	0.00014550753477293732	0.003098891683552152
-5.313519140463777	0.00014588650267732817	0.0032067014476855338
-5.304089647756654	0.0001462669693521601	0.0033217591127268076
-5.294660155049531	0.00014664894278859641	0.0034447589630506315
-5.285230662342408	0.00014703243103197927	0.00357648082136941
-5.275801169635285	0.0001474174421811636	0.0037178029578467386
-5.266371676928162	0.00014780398438962727	0.003869717314655574
-5.25694218422104	0.00014819206586724754	0.00403334752909279
-5.247512691513917	0.00014858169487808048	0.004209970353681425
-5.238083198806794	0.0001489728797423595	0.0044010412181300085
-5.228653706099671	0.00014936562883782756	0.004608224864860344
-5.219224213392548	0.0001497599505981828	0.0048334322295895404
-5.209794720685425	0.00015015585351529914	0.005078865047792536
-5.200365227978302	0.00015055334613744975	0.005347070069345317
-5.190935735271179	0.000150952437073526	0.005641005287739365
-5.181506242564056	0.00015135313498948477	0.005964121278637768
-5.172076749856933	0.00015175544861101287	0.006320461652365883
-5.16264725714981	0.0001521593867248594	0.006714787835106262
-5.153217764442687	0.00015256495817594917	0.007152735013649547
-5.143788271735564	0.0001529721718716015	0.007641008261444315
-5.1343587790284415	0.00015338103677997594	0.00818763082368068
-5.1249292863213185	0.00015379156193162657	0.00880226057773037
-5.1154997936141955	0.00015420375641883588	0.009496596227250964
-5.1060703009070725	0.00015461762939650292	0.010284902431786258
-5.0966408081999495	0.00015503319008369765	0.011184693656804856
-5.0872113154928265	0.00015545044776299477	0.01221763121221453
-5.0777818227857034	0.00015586941178202807	0.013410708299576246
-5.06835233007858	0.00015629009155238016	0.014797825933507536
-5.058922837371457	0.00015671249655224706	0.016421900701522718
-5.049493344664334	0.00015713663632577202	0.018337695567292922
-5.040063851957211	0.00015756252048304553	0.02061562721514365
-5.030634359250088	0.0001579901587023258	0.02334687034598426
-5.021204866542965	0.0001584195607289285	0.026650123011574434
-5.011775373835843	0.00015885073637722513	0.030680337415676218
-5.00234588112872	0.00015928369553019905	0.03563935046748745
-4.992916388421597	0.00015971844814077762	0.04178716538660587
-4.983486895714474	0.0001601550042309441	0.049449493630551955
-4.974057403007351	0.00016059337389506823	0.05900967598198947
-4.964627910300228	0.00016103356729790796	0.07085713795377946
-4.955198417593105	0.00016147559467594164	0.08523639981680675
-4.945768924885982	0.00016191946633914434	0.1019114939180984
-4.936339432178859	0.0001623651926703218	0.11960185668438983
-4.926909939471736	0.00016281278412511035	0.13543769580652432
-4.917480446764613	0.00016326225123552973	0.14527877856136917
-4.90805095405749	0.00016371360460709639	0.14572195890099426
-4.898621461350368	0.00016416685492193217	0.13660558204766293
-4.889191968643245	0.00016462201293876433	0.1211437025225276
-4.879762475936122	0.00016507908949225936	0.10351493833366898
-4.870332983228999	0.00016553809549613163	0.0867275633184037
-4.860903490521876	0.00016599904194247728	0.07217843343980845
-4.851473997814753	0.00016646193990088598	0.060166380333675384
-4.84204450510763	0.00016692680052332598	0.050470975890403724
-4.832615012400507	0.00016739363503948113	0.04270722352887091
-4.823185519693384	0.00016786245476296813	0.03648844756787306
-4.813756026986261	0.00016833327108689566	0.031483518203043626
-4.804326534279138	0.00016880609548919345	0.02742718712842962
-4.794897041572015	0.00016928093952905954	0.024113243724639966
-4.785467548864892	0.00016975781485140118	0.02138331206520605
-4.77603805615777	0.0001702367331855026	0.01911609271626613
-4.766608563450647	0.00017071770634569106	0.01721846238293212
-4.757179070743524	0.00017120074623377945	0.015618554438299959
-4.747749578036401	0.00017168586483751191	0.014260530582883901
-4.738320085329278	0.00017217307423322836	0.013100678855993753
-4.728890592622155	0.00017266238658542044	0.012104512431737047
-4.719461099915032	0.00017315381414850783	0.011244610107873476
-4.710031607207909	0.00017364736926706037	0.010499002521736744
-4.700602114500786	0.00017414306437690819	0.009849959431054933
-4.691172621793663	0.00017464091200558585	0.009283072441699236
-4.68174312908654	0.00017514092477255438	0.008786556356264685
-4.672313636379417	0.0001756431153916438	0.00835071322855796
-4.662884143672294	0.0001761474966714971	0.007967518299944132
-4.6534546509651715	0.0001766540815151263	0.007630297870469538
-4.6440251582580485	0.00017716288292191074	0.007333477012126721
-4.6345956655509255	0.00017767391398759713	0.007072380725147376
-4.6251661728438025	0.00017818718790696408	0.006843076286254579
-4.6157366801366795	0.00017870271797271187	0.006642247577556937
-4.6063071874295565	0.0001792205175767947	0.006467094426544473
-4.5968776947224335	0.00017974060021308524	0.006315251651990983
-4.5874482020153105	0.0001802629794749322	0.006184723754885324
-4.578018709308187	0.000180787669059157	0.006073832130521484
-4.568589216601064	0.00018131468276649798	0.005981172388915601
-4.559159723893941	0.00018184403450050013	0.005905579914665893
-4.549730231186818	0.00018237573827040165	0.00584610221733306
-4.540300738479695	0.00018290980819202218	0.0058019769510399
-4.530871245772573	0.0001834462584879848	0.005772614740842674
-4.52144175306545	0.00018398510348904829	0.005757586161196926
-4.512012260358327	0.00018452635763477332	0.0057566123820196324
-4.502582767651204	0.00018507003547507672	0.005769559140962555
-4.493153274944081	0.00018561615167111967	0.005796433824933778
-4.483723782236958	0.00018616472099619585	0.005837385556665797
-4.474294289529835	0.00018671575833639764	0.005892708289315318
-4.464864796822712	0.00018726927869217036	0.0059628470194423855
-4.455435304115589	0.0001878252971803107	0.00604840734195089
-4.446005811408466	0.00018838382903219042	0.006150168695856939
-4.436576318701343	0.00018894488959797506	0.006269101794137866
-4.42714682599422	0.00018950849434595796	0.006406390902904846
-4.417717333287097	0.0001900746588638924	0.006563461845386476
-4.408287840579975	0.00019064339886121218	0.0067420168684027
-4.398858347872852	0.00019121473016792123	0.0069440778411304915
-4.389428855165729	0.00019178866873814648	0.007172039681934139
-4.379999362458606	0.00019236523064969369	0.007428736461104313
-4.370569869751483	0.00019294443210671197	0.00771752334929765
-4.36114037704436	0.00019352628943813954	0.00804237853333678
-4.351710884337237	0.0001941108191028107	0.008408030485524298
-4.342281391630114	0.00019469803768745741	0.008820117664711802
-4.332851898922991	0.00019528796190848574	0.009285390007297334
-4.323422406215868	0.00019588060861508438	0.009811964659000472
-4.313992913508745	0.0001964759947885586	0.01040965261992377
-4.304563420801622	0.00019707413754410652	0.011090378771789977
-4.295133928094499	0.00019767505413192943	0.011868725754538234
-4.285704435387377	0.00019827876193989624	0.012762643237516302
-4.276274942680254	0.00019888527849265536	0.01379437950071627
-4.266845449973131	0.00019949462145452124	0.014991713535609907
-4.257415957266008	0.0002001068086305846	0.016389595177524363
-4.247986464558885	0.00020072185796693454	0.01803234046917468
-4.238556971851762	0.00020133978755421111	0.019976581473277966
-4.229127479144639	0.00020196061562693934	0.022295233411649962
-4.219697986437516	0.00020258436056597162	0.025082808088415565
-4.210268493730393	0.00020321104089959796	0.028462438469538665
-4.20083900102327	0.00020384067530532235	0.03259489316814301
-4.191409508316147	0.00020447328260986275	0.0376894162649668
-4.181980015609024	0.000205108881793592	0.044014861648250525
-4.1725505229019015	0.00020574749198853937	0.051906023817714475
-4.1631210301947785	0.00020638913248305357	0.061751681455550544
-4.1536915374876555	0.00020703382272113657	0.07393334235558346
-4.1442620447805325	0.00020768158230399791	0.0886540257854862
-4.1348325520734095	0.00020833243099360743	0.1055705414394077
-4.1254030593662865	0.00020898638871180708	0.12320583993278045
-4.1159735666591635	0.0002096434755440857	0.1384600927815678
-4.1065440739520405	0.00021030371173957896	0.14713740362426075
-4.0971145812449175	0.000210967117713734	0.14616065510472476
-4.087685088537794	0.00021163371404830933	0.13590742998579453
-4.078255595830671	0.00021230352149537168	0.1198968078534699
-4.068826103123548	0.00021297656097818418	0.10223547261761534
-4.059396610416425	0.00021365285359142838	0.0856999040280706
-4.049967117709303	0.000214332420604757	0.07149538053192805
-4.04053762500218	0.00021501528346390408	0.05981812533070707
-4.031108132295057	0.00021570146379179533	0.05040881122883434
-4.021678639587934	0.00021639098339210072	0.04287562863489636
-4.012249146880811	0.00021708386424812431	0.03683767277372074
-4.002819654173688	0.0002177801285290215	0.03197290729532609
-3.9933901614665652	0.0002184797985860243	0.02802483843560699
-3.983960668759442	0.00021918289696021276	0.02479454937582437
-3.974531176052319	0.00021988944637896246	0.02212938126591113
-3.965101683345196	0.00022059946976238365	0.019912391818565967
-3.955672190638073	0.00022131299022221107	0.018053737563249017
-3.94624269793095	0.00022203003106557873	0.016484010111265768
-3.936813205223827	0.0002227506157961301	0.01514921329045471
-3.927383712516705	0.00022347476811557243	0.014007017868453486
-3.917954219809582	0.0002242025119272295	0.013023976960324646
-3.908524727102459	0.00022493387133670772	0.012173452326498024
-3.899095234395336	0.0002256688706543386	0.011434063481963408
-3.889665741688213	0.00022640753439873151	0.010788521072420787
-3.88023624898109	0.00022714988729610752	0.010222743451243854
-3.870806756273967	0.00022789595428451825	0.009725182948865152
-3.861377263566844	0.00022864576051606633	0.009286308314492953
-3.851947770859721	0.00022939933135734947	0.008898204228336759
-3.842518278152598	0.00023015669239501158	0.00855425917526964
-3.833088785445475	0.00023091786943330028	0.008248920478199473
-3.823659292738352	0.00023168288850161645	0.007977500734094867
-3.814229800031229	0.00023245177585184962	0.00773602386446548
-3.804800307324107	0.00023322455796548347	0.007521101902007166
-3.795370814616984	0.00023400126155137535	0.007329835781781924
-3.7859413219098608	0.0002347819135517515	0.00715973499912792
-3.7765118292027378	0.0002355665411437613	0.007008652187439068
-3.7670823364956147	0.0002363551717399215	0.006874729564693816
-3.7576528437884917	0.00023714783299322306	0.006756354875532722
-3.7482233510813687	0.00023794455279912974	0.00665212497203882
-3.7387938583742457	0.00023874535929713225	0.006560815572020484
-3.7293643656671227	0.0002395502808729688	0.006481356038596786
-3.7199348729599997	0.0002403593461641762	0.006412808261336167
-3.7105053802528767	0.0002411725840596457	0.0063543489035415845
-3.7010758875457537	0.00024199002370295375	0.00630525442479879
-3.6916463948386316	0.00024281169449680284	0.0062648884017544315
-3.6822169021315085	0.00024363762610413175	0.006232690760279436
-3.6727874094243855	0.00024446784845078007	0.006208168603951014
-3.6633579167172625	0.00024530239172992907	0.006190888381165438
-3.6539284240101395	0.00024614128640365607	0.006180469179315362
-3.6444989313030165	0.00024698456320582096	0.00617657697166063
-3.6350694385958935	0.0002478322531453969	0.006178919672683136
-3.6256399458887705	0.0002486843875104672	0.006187242882245592
-3.6162104531816475	0.0002495409978691132	0.0062013262189459795
-3.6067809604745245	0.00025040211607429974	0.00622098015950634
-3.5973514677674014	0.000251267774265429	0.006246043314601657
-3.5879219750602784	0.0002521380048736699	0.006276380082753219
-3.5784924823531554	0.0002530128406224019	0.0063118786332276855
-3.5690629896460333	0.00025389231453254446	0.006352449176654895
-3.5596334969389103	0.0002547764599256652	0.006398022488591337
-3.5502040042317873	0.0002556653104264228	0.006448548656726949
-3.5407745115246643	0.00025655889996545334	0.006503996027073411
-3.5313450188175413	0.00025745726278447734	0.006564350328392976
-3.5219155261104182	0.00025836043343918647	0.006629613957502167
-3.5124860334032952	0.00025926844680124184	0.006699805410967263
-3.5030565406961722	0.00026018133806382515	0.006774958851213819
-3.493627047989049	0.0002610991427447473	0.006855123797265605
-3.484197555281926	0.0002620218966884469	0.006940364932236598
-3.474768062574803	0.0002629496360722072	0.007030762021442705
-3.46533856986768	0.0002638823974077109	0.0071264099365155875
-3.455909077160557	0.00026482021754592466	0.007227418782339123
-3.446479584453435	0.0002657631336813182	0.00733391412492268
-3.437050091746312	0.0002667111833538627	0.007446037319569276
-3.427620599039189	0.000267664404455914	0.007563945939875083
-3.418191106332066	0.0002686228352333231	0.007687814309263352
-3.408761613624943	0.0002695865142905429	0.007817834137892055
-3.39933212091782	0.00027055548059529144	0.007954215268949127
-3.389902628210697	0.0002715297734823263	0.008097186539547607
-3.380473135503574	0.0002725094326569977	0.00824699676267926
-3.371043642796451	0.0002734944982012433	0.008403915838014031
-3.361614150089328	0.0002744850105749208	0.008568236000765062
-3.352184657382205	0.00027548101062357944	0.008740273219378203
-3.342755164675082	0.0002764825395804582	0.008920368754505859
-3.333325671967959	0.00027748963907203716	0.009108890893595678
-3.323896179260837	0.00027850235112159005	0.00930623687750809
-3.314466686553714	0.00027952071815584567	0.00951283503791056
-3.305037193846591	0.0002805447830080965	0.009729147166820162
-3.2956077011394678	0.00028157458892219545	0.00995567114262741
-3.2861782084323448	0.00028261017955899526	0.010192943840299229
-3.2767487157252218	0.0002836515990012334	0.010441544357290056
-3.2673192230180987	0.0002846988917573068	0.010702097591054338
-3.2578897303109757	0.00028575210276637897	0.010975278209079065
-3.2484602376038527	0.0002868112774043752	0.0112618150580861
-3.2390307448967297	0.0002878764614886453	0.011562496065703698
-3.2296012521896067	0.00028894770128373715	0.011878173695545113
-3.2201717594824837	0.0002900250435047269	0.012209771025491145
-3.2107422667753607	0.00029110853532521297	0.012558288529262773
-3.2013127740682386	0.00029219822438109055	0.012924811653313384
-3.1918832813611155	0.0002932941587772131	0.013310519295030465
-3.1824537886539925	0.0002943963870907229	0.013716693304526295
-3.1730242959468695	0.000295504958380155	0.014144729151416291
-3.1635948032397465	0.0002966199221878796	0.014596147920435287
-3.1541653105326235	0.0002977413285483177	0.015072609826196404
-3.1447358178255005	0.0002988692279926042	0.015575929468652383
-3.1353063251183775	0.0003000036715548049	0.016108093087854103
-3.1258768324112545	0.000301144710778134	0.01667127812057667
-3.1164473397041315	0.0003022923977216152	0.01726787541381647
-3.1070178469970084	0.000303446784965411	0.01790051451279351
-3.0975883542898854	0.00030460792561815	0.01857209251620251
-3.0881588615827624	0.00030577587332114575	0.019285807081783624
-3.0787293688756403	0.00030695068225927713	0.020045194274288747
-3.0692998761685173	0.00030813240716276447	0.020854172079898925
-3.0598703834613943	0.00030932110331693963	0.02171709057154758
-3.0504408907542713	0.00031051682656890733	0.02263878990521362
-3.0410113980471483	0.00031171963333243013	0.023624667566737534
-3.0315819053400253	0.00031292958059747633	0.02468075658307356
-3.0221524126329022	0.00031414672593510495	0.02581381677514205
-3.0127229199257792	0.0003153711275070137	0.02703144157965265
-3.003293427218656	0.000316602844071312	0.02834218352762452
-2.993863934511533	0.00031784193498918256	0.029755702168009712
-2.98443444180441	0.0003190884602350952	0.03128293910500535
-2.975004949097287	0.000320342480402358	0.03293632592875628
-2.965575456390165	0.0003216040567108891	0.03473003222880777
-2.956145963683042	0.00032287325101632014	0.03668026267739766
-2.946716470975919	0.00032415012581776814	0.038805614474739736
-2.937286978268796	0.0003254347442649408	0.04112750942043597
-2.927857485561673	0.00032672717016701824	0.04367071872910433
-2.91842799285455	0.00032802746800175697	0.046464003735650516
-2.908998500147427	0.0003293357029221511	0.049540902233514705
-2.899569007440304	0.0003306519407670905	0.05294069890251962
-2.890139514733181	0.0003319762480691324	0.05670962986315353
-2.880710022026058	0.0003333086920633832	0.06090238688381677
-2.871280529318935	0.0003346493406963802	0.06558400762087024
-2.861851036611812	0.00033599826263608357	0.0708322665254435
-2.852421543904689	0.00033735552728031415	0.07674071957056317
-2.842992051197567	0.00033872120476563516	0.08342260877349195
-2.833562558490444	0.0003400953659795647	0.09101590529596759
-2.824133065783321	0.0003414780825676811	0.09968987067152213
-2.814703573076198	0.00034286942694339295	0.10965365549608297
-2.8052740803690748	0.00034426947230037364	0.12116764874334529
-2.7958445876619518	0.00034567829262077687	0.1345585582601514
-2.7864150949548288	0.000347095962686339	0.15023956715679865
-2.7769856022477057	0.000348522558088149	0.1687373934917067
-2.7675561095405827	0.0003499581552386388	0.19072868566170098
-2.7581266168334597	0.00035140283138113126	0.2170888537865856
-2.7486971241263367	0.0003528566646018305	0.2489569298821579
-2.7392676314192137	0.00035431973383937	0.28781966744384757
-2.7298381387120907	0.0003557921188990232	0.33561500713354153
-2.7204086460049686	0.0003572739004613634	0.3948447853792152
-2.7109791532978456	0.0003587651600953645	0.4686588720276017
-2.7015496605907225	0.0003602659802701691	0.5608060500085124
-2.6921201678835995	0.00036177644436730105	0.6752020120984724
-2.6826906751764765	0.0003632966366931001	0.814600699818568
-2.6732611824693535	0.00036482664248915775	0.9775463828441238
-2.6638316897622305	0.00036636654794897083	1.1530244216319518
-2.6544021970551075	0.0003679164402272672	1.3146895253139415
-2.6449727043479845	0.0003694764074539947	1.4222937503386586
-2.6355432116408615	0.00037104653874830973	1.4395130050259608
-2.6261137189337385	0.00037262692423234434	1.3597951301677913
-2.6166842262266155	0.00037421765504408455	1.2117833471774484
-2.6072547335194924	0.0003758188233504711	1.03725789194793
-2.5978252408123703	0.0003774305223638308	0.8681752311708631
-2.5883957481052473	0.000379052846355199	0.7202769916920078
-2.5789662553981243	0.0003806858906674204	0.5975792720783462
-2.5695367626910013	0.0003823297517329127	0.49831060468109656
-2.5601072699838783	0.000383984527086767	0.4187358410953754
-2.5506777772767553	0.00038565031538251304	0.3549694993810464
-2.5412482845696323	0.0003873272164078845	0.30363952428173646
-2.5318187918625092	0.0003890153311012501	0.2620285994717426
-2.5223892991553862	0.0003907147615667128	0.22801858480637627
-2.5129598064482632	0.00039242561109098517	0.1999810702565592
-2.50353031374114	0.00039414798415982055	0.1766687322103213
-2.494100821034017	0.0003958819864759988	0.15712433050020103
-2.484671328326895	0.0003976277249748694	0.1406095639539695
-2.475241835619772	0.00039938530784389137	0.1265511758897857
-2.465812342912649	0.0004011548445381763	0.1145006903657888
-2.456382850205526	0.00040293644580025045	0.104104469512037
-2.446953357498403	0.00040473022367848444	0.0950814318684321
-2.43752386479128	0.0004065362915453008	0.08720641037326948
-2.428094372084157	0.0004083547641151597	0.08029765450912763
-2.418664879377034	0.0004101857574660972	0.07420738371091495
-2.409235386669911	0.00041202938905837705	0.06881459689035485
-2.399805893962788	0.00041388577775447466	0.06401955947338656
-2.390376401255665	0.0004157550438392832	0.05973954568838202
-2.380946908548542	0.0004176373090409857	0.05590552651783809
-2.371517415841419	0.00041953269655281566	0.05245957505393406
-2.362087923134297	0.00042144133105370685	0.04935281990993645
-2.352658430427174	0.00042336333873049803	0.04654382022070114
-2.343228937720051	0.0004252988472999153	0.04399726715475083
-2.333799445012928	0.0004272479860312206	0.04168293997790484
-2.324369952305805	0.00042921088576974853	0.039574861842325726
-2.3149404595986818	0.0004311876789586666	0.03765061325603636
-2.3055109668915588	0.00043317849966584276	0.03589077078385472
-2.2960814741844358	0.00043518348360405135	0.03427844578135786
-2.2866519814773127	0.00043720276815939485	0.03279890347647174
-2.2772224887701897	0.00043923649241395246	0.03143924693096767
-2.2677929960630667	0.0004412847971717593	0.03018815366008276
-2.2583635033559437	0.0004433478249856737	0.02903565520120921
-2.2489340106488207	0.00044542572018357873	0.027972951878646235
-2.2395045179416986	0.000447518628893917	0.026992256542469617
-2.2300750252345756	0.00044962669907455677	0.02608666226430567
-2.2206455325274526	0.00045175008054076926	0.025250029925593553
-2.2112160398203295	0.0004538889249925404	0.024476892391212424
-2.2017865471132065	0.00045604338604410266	0.02376237256610203
-2.1923570544060835	0.000458213619253911	0.023102113117714707
-2.1829275616989605	0.0004603997821526207	0.022492216038133783
-2.1734980689918375	0.0004626020342766157	0.0219291905361938
-2.1640685762847145	0.0004648205371964309	0.02140990800716125
-2.1546390835775915	0.00046705545454961417	0.020931563037512868
-2.1452095908704685	0.0004693069520724791	0.020491639574373943
-2.1357800981633455	0.0004715751976338556	0.020087881530748142
-2.1263506054562225	0.00047386036126706443	0.0197182672145777
-2.1169211127491003	0.00047616261520500025	0.01938098706663105
-2.1074916200419773	0.00047848213391432637	0.01907442427291417
-2.0980621273348543	0.000480819094131002	0.018797137884793536
-2.0886326346277313	0.0004831736748966975	0.018547848136637235
-2.0792031419206083	0.0004855460575934334	0.018325423698562382
-2.0697736492134853	0.00048793642598443654	0.01812887064233526
-2.0603441565063623	0.000490344966248335	0.017957322932965702
-2.0509146637992393	0.0004927718670204584	0.01781003428807737
-2.0414851710921162	0.0004952173194323617	0.017686371272662038
-2.0320556783849932	0.000497681517149573	0.017585807518999852
-2.0226261856778702	0.0005001646564153361	0.017507918981043424
-2.013196692970747	0.000502666936091245	0.017452380149866054
-2.003767200263624	0.0005051885577003201	0.017418961172361414
-1.994337707556502	0.000507729725469197	0.0174075258296158
-1.984908214849379	0.0005102906463732015	0.017418030344611424
-1.975478722142256	0.0005128715301827569	0.017450523001452112
-1.966049229435133	0.0005154725895062384	0.017505144570449716
-1.95661973672801	0.0005180940398394895	0.017582129545409053
-1.947190244020887	0.0005207360996131172	0.01768180821161014
-1.937760751313764	0.0005233989902402314	0.0178046095755493
-1.928331258606641	0.0005260829361670716	0.017951065200798588
-1.918901765899518	0.0005287881649227444	0.018121814008618564
-1.909472273192395	0.0005315149071716263	0.01831760811766414
-1.900042780485272	0.0005342633967664323	0.01853931981451229
-1.890613287778149	0.0005370338707999522	0.01878794976641185
-1.881183795071026	0.0005398265696630045	0.01906463660998914
-1.8717543023639038	0.0005426417370959502	0.019370668075387565
-1.8623248096567808	0.000545479620250866	0.01970749383510828
-1.8528953169496578	0.0005483404697452787	0.020076740301629314
-1.8434658242425348	0.0005512245397236715	0.020480227638718818
-1.8340363315354118	0.0005541320879176581	0.02091998929959349
-1.8246068388282888	0.0005570633757072674	0.02139829446225927
-1.8151773461211658	0.0005600186681844477	0.021917673800553095
-1.8057478534140428	0.00056299823421746	0.02248094911093812
-1.7963183607069197	0.0005660023465150488	0.02309126741309897
-1.7868888679997967	0.0005690312816952758	0.023752140260576704
-1.7774593752926737	0.0005720853203532439	0.024467489140808096
-1.7680298825855507	0.0005751647471299304	0.025241698017939962
-1.7586003898784286	0.00057826985078413	0.026079674284191112
-1.7491708971713056	0.000581400924264841	0.026986919645810348
-1.7397414044641826	0.0005845582647865388	0.027969612790028187
-1.7303119117570596	0.0005877421739024502	0.029034706075210748
-1.7208824190499366	0.0005909529575840455	0.030190038977789158
-1.7114529263428135	0.0005941909262994205	0.03144447164208386
-1.7020234336356905	0.0005974563950930101	0.03280804264643078
-1.6925939409285675	0.0006007496836686332	0.03429215606467628
-1.6831644482214445	0.000604071116474314	0.03590980412343647
-1.6737349555143215	0.0006074210227859922	0.03767583330819879
-1.6643054628071985	0.0006107997367974516	0.039607263755596867
-1.6548759701000755	0.0006142075977082495	0.04172367431902502
-1.6454464773929525	0.0006176449498156433	0.044047668989768196
-1.6360169846858303	0.0006211121426096256	0.0466054446387012
-1.6265874919787073	0.0006246095308648503	0.04942748564396626
-1.6171579992715843	0.0006281374747418855	0.05254941833816695
-1.6077285065644613	0.0006316963398849129	0.05601306796384531
-1.5982990138573383	0.0006352864975240902	0.05986777382423347
-1.5888695211502153	0.0006389083245785798	0.0641720357479274
-1.5794400284430923	0.0006425622037660172	0.0689955885143263
-1.5700105357359693	0.0006462485237068716	0.07442203284546411
-1.5605810430288463	0.0006499676790392428	0.08055219524453694
-1.5511515503217232	0.0006537200705309942	0.08750844898189913
-1.5417220576146002	0.0006575061051954378	0.09544031140897591
-1.5322925649074772	0.0006613261964112382	0.10453174762349704
-1.5228630722003542	0.0006651807640427609	0.11501076985963876
-1.513433579493232	0.0006690702345659716	0.12716214263061176
-1.504004086786109	0.0006729950411925589	0.14134430684834864
-1.494574594078986	0.0006769556240027175	0.1580120455174041
-1.485145101371863	0.0006809524300761538	0.17774694673461844
-1.47571560866474	0.0006849859136279779	0.2012983631035825
-1.466286115957617	0.0006890565361494794	0.2296382093158602
-1.456856623250494	0.0006931647665480156	0.26403320715794454
-1.447427130543371	0.0006973110812931171	0.3061370417053426
-1.437997637836248	0.0007014959645665897	0.35809970189556495
-1.428568145129125	0.0007057199084130605	0.4226757594922397
-1.4191386524220029	0.0007099834128967419	0.5032734390600266
-1.409709159714879	0.0007142869862608592	0.603793802704125
-1.4002796670077569	0.0007186311450906313	0.7279198111917662
-1.390850174300633	0.0007230164144802487	0.8772083935568222
-1.3814206815935108	0.0007274433282040693	1.0471271609971977
-1.371991188886387	0.0007319124288927004	1.22104897498879
-1.3625616961792648	0.0007364242682104116	1.3661018787999941
-1.353132203472141	0.0007409794070394327	1.4405311501679883
-1.3437027107650188	0.0007455784156684686	1.4173608966286133
-1.3342732180578967	0.0007502218739852129	1.305391289675869
-1.3248437253507728	0.0007549103716726346	1.1419329827813218
-1.3154142326436506	0.0007596445084112613	0.96670800137617
-1.3059847399365268	0.0007644248940861242	0.8050511493208683
-1.2965552472294046	0.0007692521489994775	0.6672222238554628
-1.2871257545222807	0.0007741269040859589	0.5542977432095073
-1.2776962618151586	0.0007790498011370772	0.46339186724488
-1.2682667691080347	0.000784021493028142	0.3905756693209288
-1.2588372764009126	0.0007890426439518539	0.3321312094227853
-1.2494077836937887	0.0007941139296585575	0.2849493678920725
-1.2399782909866666	0.0007992360376993801	0.24656596206378545
-1.2305487982795427	0.0008044096676815826	0.21507395326302237
-1.2211193055724205	0.0008096355315234671	0.18901068356800366
-1.2116898128652984	0.000814914353719054	0.16725548273455626
-1.2022603201581745	0.0008202468716109745	0.14894680781794212
-1.1928308274510524	0.0008256338356666948	0.1334184680110424
-1.1834013347439285	0.0008310760097651748	0.12015165362128166
-1.1739718420368064	0.0008365741714877473	0.10873919328222192
-1.1645423493296825	0.000842129112420098	0.09885897912712127
-1.1551128566225604	0.0008477416384582437	0.09025416750801885
-1.1456833639154365	0.0008534125701249451	0.08271836098502128
-1.1362538712083143	0.0008591427428941145	0.0760844523014299
-1.1268243785011904	0.0008649330075236605	0.07021616862424995
-1.1173948857940683	0.0008707842303954383	0.06500161659707171
-1.1079653930869444	0.00087669729386608	0.06034831877047897
-1.0985359003798223	0.0008826730966271512	0.05617936899811138
-1.0891064076727002	0.000888712554073523	0.05243043316766283
-1.0796769149655763	0.000894816598682624	0.04904739302394279
-1.0702474222584542	0.0009009861804030184	0.04598448264681476
-1.0608179295513303	0.0009072222670549746	0.04320280493837014
-1.0513884368442081	0.0009135258447396932	0.04066914320378778
-1.0419589441370842	0.0009198979182614142	0.038355003384555
-1.032529451429962	0.0009263395115610695	0.03623583771675154
-1.0230999587228382	0.0009328516681598176	0.03429041196550031
-1.013670466015716	0.000939435451616788	0.032500286951485546
-1.0042409733085922	0.000946091945998484	0.030849391573278595
-0.9948114806014701	0.0009528222563617295	0.029323669474512926
-0.9853819878943462	0.0009596275092498274	0.027910785297366125
-0.975952495187224	0.0009665088532020416	0.02659987938937114
-0.9665230024801019	0.0009734674592778436	0.025381362100344695
-0.957093509772978	0.0009805045215971475	0.024246740577078763
-0.9476640170658559	0.0009876212578918686	0.023188472352395406
-0.938234524358732	0.0009948189100796867	0.022199841120325914
-0.9288050316516099	0.0010020987448466911	0.0212748509569769
-0.919375538944486	0.0010094620542524524	0.020408135937634242
-0.9099460462373639	0.0010169101563499705	0.019594882653458212
-0.90051655353024	0.0010244443958233873	0.01883076357532265
-0.8910870608231178	0.0010320661446459045	0.01811187957089988
-0.8816575681159939	0.0010397768027550214	0.017434710171666756
-0.8722280754088718	0.0010475777987482005	0.01679607042299902
-0.8627985827017479	0.0010554705905987394	0.016193073343721442
-0.8533690899946258	0.0010634566663949574	0.015623097179919165
-0.8439395972875037	0.0010715375450971454	0.015083756768233592
-0.8345101045803798	0.001079714777320051	0.014572878431581726
-0.8250806118732577	0.001087989946139123	0.014088477919528941
-0.8156511191661338	0.0010963646679176264	0.013628740979780174
-0.8062216264590116	0.0011048405931646244	0.01319200620919414
-0.7967921337518877	0.0011134194074118309	0.012776749884567673
-0.7873626410447656	0.0011221028321219961	0.01238157251691896
-0.7779331483376417	0.0011308926256248242	0.012005186909638255
-0.7685036556305196	0.0011397905840793143	0.01164640753177526
-0.7590741629233957	0.0011487985424676328	0.011304141043900096
-0.7496446702162736	0.0011579183756198486	0.010977377836186797
-0.7402151775091497	0.001167151999267979	0.010665184457249177
-0.7307856848020275	0.001176501371139338	0.010366696828395527
-0.7213561920949054	0.0011859684920745295	0.010081114151726522
-0.7119266993877815	0.0011955554071916286	0.009807693432331677
-0.7024972066806594	0.0012052642070790043	0.009545744544976031
-0.6930677139735355	0.0012150970290285557	0.009294625784394661
-0.6836382212664134	0.0012250560583124681	0.009053739845872322
-0.6742087285592895	0.0012351435294937207	0.008822530189273259
-0.6647792358521674	0.0012453617277872198	0.00860047774535233
-0.6553497431450435	0.001255712990456681	0.008387097928067133
-0.6459202504379213	0.0012661997082652476	0.008181937920873184
-0.6364907577307974	0.0012768243269674073	0.007984574208706796
-0.6270612650236753	0.001287589348853757	0.00779461033058837
-0.6176317723165514	0.0012984973343463935	0.007611674830622972
-0.6082022796094293	0.0013095509036447073	0.007435419387662234
-0.5987727869023072	0.0013207527384324624	0.007265517106056052
-0.5893432941951833	0.001332105583634835	0.007101660951854605
-0.5799138014880612	0.0013436122492391789	0.00694356232050275
-0.5704843087809373	0.0013552756121786302	0.006790949723546769
-0.5610548160738151	0.0013670986182769962	0.0066435675832041685
-0.5516253233666912	0.001379084284261367	0.006501175124794756
-0.5421958306595691	0.0013912356998462272	0.006363545358066824
-0.5327663379524452	0.0014035560298861771	0.006230464139363789
-0.5233368452453231	0.0014160485166077041	0.00610172930738706
-0.5139073525381992	0.0014287164819155596	0.0059771498860374805
-0.5044778598310771	0.0014415633297832908	0.005856545348445152
-0.49504836712395317	0.0014545925487254863	0.005739744936893665
-0.48561887441683105	0.0014678077143621682	0.00562658703383323
-0.4761893817097089	0.0014812124920702274	0.005516918579650643
-0.466759889002585	0.0014948106397325578	0.005410594533266755
-0.4573303962954629	0.0015086060105886645	0.005307477371998992
-0.447900903588339	0.0015226025561840828	0.005207436627459927
-0.4384714108812169	0.0015368043294312628	0.0051103484545524935
-0.429041918174093	0.0015512154877830309	0.005016095230898188
-0.41961242546697086	0.0015658402965197382	0.004924565184261986
-0.41018293275984696	0.0015806831321640846	0.0048356520457628616
-0.40075344005272484	0.001595748486017401	0.004749254726852392
-0.39132394734560094	0.0016110409678342652	0.004665277018216285
-0.3818944546384788	0.0016265653096312338	0.004583627308914373
-0.3724649619313567	0.0016423263696443424	0.00450421832422343
-0.3630354692242328	0.0016583291364338226	0.004426966880765049
-0.3536059765171107	0.001674578733151355	0.004351793657638714
-0.3441764838099868	0.0016910804219658626	0.004278622982366365
-0.33474699110286465	0.0017078396086664949	0.004207382630570633
-0.32531749839574076	0.0017248618474441368	0.0041380036383786845
-0.31588800568861863	0.0017421528458587687	0.004070420126649488
-0.30645851298149474	0.0017597184700051116	0.004004569136168534
-0.2970290202743726	0.0017775647498836644	0.0039403904730408446
-0.2875995275672487	0.0017956978849851257	0.0038778265635641684
-0.2781700348601266	0.0018141242501015231	0.0038168223179271266
-0.2687405421530027	0.0018328504013693792	0.0037573250021205595
-0.25931104944588057	0.0018518830825620114	0.0036992841175029767
-0.24988155673875845	0.0018712292316369616	0.003642651287500742
-0.24045206403163455	0.001890895987555652	0.00358738015096538
-0.23102257132451243	0.0019108906973830386	0.003533426261741468
-0.22159307861738853	0.0019312209236845845	0.0034807469940372204
-0.2121635859102664	0.001951894452233205	0.003429301453219402
-0.2027340932031425	0.0019729193000428413	0.0033790503916744097
-0.19330460049602038	0.0019943037237402095	0.003329956129412892
-0.18387510778889649	0.0020160562282971473	0.0032819824791168184
-0.17444561508177436	0.00203818557613733	0.003235094675338779
-0.16501612237465046	0.002060700796636006	0.00318925930760372
-0.15558662966752834	0.0020836111960358394	0.0031444442571579856
-0.14615713696040444	0.0021069263677961914	0.003100618637147834
-0.13672764425328232	0.0021306562033958087	0.003057752736013386
-0.1272981515461602	0.0021548109036217955	0.003015817963900602
-0.1178686588390363	0.002179400990356406	0.002974786801910767
-0.10843916613191418	0.002204437318896635	0.0029346327540162864
-0.09900967342479028	0.002229931090833581	0.002895330301484478
-0.08958018071766816	0.0022558938675130147	0.002856854859656366
-0.08015068801054426	0.002282337584120775	0.0028191827369505873
-0.07072119530342214	0.0023092745644115453	0.002782291095953182
-0.061291702596298236	0.0023367175361286296	0.0027461579164790306
-0.051862209889176114	0.0023646796471394893	0.002710761960490471
-0.042432717182052215	0.0023931744823375567	0.0026760827387626307
-0.03300322447493009	0.0024222160813414106	0.0026421004792036573
-0.023573731767806194	0.0024518189570432725	0.002608796096730037
-0.014144239060684072	0.0024819981150470127	0.002576151164612739
-0.004714746353561949	0.0025127690740491815	0.0025441478872174628
0.004714746353561949	0.0025441478872174628	0.0025127690740491815
0.014144239060684072	0.002576151164612739	0.0024819981150470127
0.02357373176780797	0.002608796096730037	0.0024518189570432725
0.03300322447493009	0.0026421004792036573	0.0024222160813414106
0.04243271718205399	0.0026760827387626307	0.0023931744823375567
0.051862209889176114	0.002710761960490471	0.0023646796471394893
0.06129170259630001	0.0027461579164791416	0.0023367175361286296
0.07072119530342214	0.002782291095953182	0.0023092745644115453
0.08015068801054603	0.0028191827369505873	0.002282337584120775
0.08958018071766816	0.002856854859656366	0.0022558938675130147
0.09900967342479206	0.002895330301484478	0.002229931090833581
0.10843916613191418	0.0029346327540162864	0.002204437318896524
0.1178686588390363	0.002974786801910767	0.002179400990356406
0.1272981515461602	0.003015817963900602	0.0021548109036217955
0.13672764425328232	0.003057752736013386	0.0021306562033958087
0.14615713696040622	0.003100618637147834	0.0021069263677961914
0.15558662966752834	0.0031444442571579856	0.0020836111960358394
0.16501612237465224	0.00318925930760372	0.002060700796636006
0.17444561508177436	0.003235094675338779	0.00203818557613733
0.18387510778889826	0.0032819824791168184	0.0020160562282971473
0.19330460049602038	0.003329956129412892	0.0019943037237402095
0.20273409320314428	0.0033790503916744097	0.0019729193000428413
0.2121635859102664	0.003429301453219402	0.001951894452233205
0.2215930786173903	0.0034807469940372204	0.0019312209236845845
0.23102257132451243	0.003533426261741468	0.0019108906973830386
0.24045206403163455	0.00358738015096538	0.001890895987555652
0.24988155673875845	0.003642651287500742	0.0018712292316369616
0.25931104944588057	0.0036992841175029767	0.0018518830825620114
0.26874054215300447	0.0037573250021205595	0.0018328504013693792
0.2781700348601266	0.0038168223179271266	0.0018141242501015231
0.2875995275672505	0.0038778265635641684	0.0017956978849851257
0.2970290202743726	0.0039403904730408446	0.0017775647498836644
0.3064585129814965	0.004004569136168534	0.0017597184700051116
0.31588800568861863	0.004070420126649488	0.0017421528458587687
0.32531749839574253	0.0041380036383786845	0.0017248618474441368
0.33474699110286465	0.004207382630570633	0.0017078396086664949
0.34417648380998855	0.004278622982366587	0.0016910804219658626
0.3536059765171107	0.004351793657638714	0.001674578733151355
0.3630354692242328	0.004426966880765049	0.0016583291364338226
0.3724649619313567	0.00450421832422343	0.0016423263696443424
0.3818944546384788	0.004583627308914595	0.0016265653096312338
0.3913239473456027	0.004665277018216285	0.0016110409678342652
0.40075344005272484	0.004749254726852392	0.001595748486017401
0.41018293275984874	0.0048356520457628616	0.0015806831321640846
0.41961242546697086	0.004924565184261986	0.0015658402965197382
0.42904191817409476	0.005016095230898188	0.0015512154877830309
0.4384714108812169	0.0051103484545524935	0.0015368043294312628
0.4479009035883408	0.005207436627459927	0.0015226025561840828
0.4573303962954629	0.005307477371999214	0.0015086060105886645
0.4667598890025868	0.005410594533266755	0.0014948106397325578
0.4761893817097089	0.005516918579650643	0.0014812124920702274
0.48561887441683105	0.00562658703383323	0.0014678077143621682
0.49504836712395495	0.005739744936893665	0.0014545925487254863
0.5044778598310771	0.005856545348445152	0.0014415633297832908
0.513907352538201	0.0059771498860374805	0.0014287164819155596
0.5233368452453231	0.00610172930738706	0.0014160485166077041
0.532766337952447	0.006230464139363789	0.0014035560298861771
0.5421958306595691	0.006363545358066824	0.0013912356998462272
0.551625323366693	0.006501175124794978	0.001379084284261367
0.5610548160738151	0.0066435675832041685	0.0013670986182769962
0.570484308780939	0.006790949723546769	0.0013552756121786302
0.5799138014880612	0.00694356232050275	0.0013436122492391789
0.589343294195185	0.007101660951854605	0.001332105583634835
0.5987727869023072	0.007265517106056052	0.0013207527384324624
0.6082022796094293	0.007435419387662456	0.0013095509036451514
0.6176317723165532	0.007611674830623083	0.0012984973343463935
0.6270612650236753	0.00779461033058837	0.001287589348853757
0.6364907577307992	0.007984574208707018	0.0012768243269674073
0.6459202504379213	0.008181937920873184	0.0012661997082652476
0.6553497431450452	0.008387097928067355	0.001255712990456681
0.6647792358521674	0.00860047774535233	0.0012453617277872198
0.6742087285592913	0.008822530189273259	0.0012351435294937207
0.6836382212664134	0.009053739845872322	0.0012250560583124681
0.6930677139735373	0.009294625784394661	0.0012150970290285557
0.7024972066806594	0.009545744544976031	0.0012052642070790043
0.7119266993877833	0.00980769343233212	0.0011955554071916286
0.7213561920949054	0.010081114151726522	0.0011859684920745295
0.7307856848020275	0.010366696828395527	0.001176501371139338
0.7402151775091514	0.010665184457249621	0.001167151999267979
0.7496446702162736	0.010977377836186797	0.0011579183756198486
0.7590741629233975	0.011304141043900096	0.0011487985424676328
0.7685036556305196	0.01164640753177526	0.0011397905840793143
0.7779331483376435	0.012005186909638366	0.0011308926256248242
0.7873626410447656	0.01238157251691896	0.0011221028321219961
0.7967921337518895	0.012776749884568117	0.0011134194074118309
0.8062216264590116	0.01319200620919414	0.0011048405931646244
0.8156511191661355	0.013628740979780396	0.0010963646679176264
0.8250806118732577	0.014088477919529163	0.001087989946139123
0.8345101045803816	0.014572878431581948	0.001079714777320051
0.8439395972875037	0.015083756768233592	0.0010715375450971454
0.8533690899946258	0.015623097179919165	0.0010634566663949574
0.8627985827017497	0.016193073343721665	0.0010554705905987394
0.8722280754088718	0.01679607042299902	0.0010475777987482005
0.8816575681159957	0.01743471017166698	0.0010397768027550214
0.8910870608231178	0.018111879570900102	0.0010320661446459045
0.9005165535302417	0.018830763575323095	0.0010244443958233873
0.9099460462373639	0.019594882653458434	0.0010169101563499705
0.9193755389444878	0.020408135937634464	0.0010094620542524524
0.9288050316516099	0.02127485095697712	0.0010020987448466911
0.9382345243587338	0.02219984112032658	0.0009948189100796867
0.9476640170658559	0.023188472352395628	0.0009876212578918686
0.957093509772978	0.024246740577078763	0.0009805045215971475
0.9665230024801019	0.025381362100344917	0.0009734674592778436
0.975952495187224	0.02659987938937114	0.0009665088532020416
0.9853819878943479	0.02791078529736679	0.0009596275092498274
0.9948114806014701	0.029323669474512926	0.0009528222563617295
1.004240973308594	0.030849391573279372	0.000946091945998484
1.013670466015716	0.03250028695148566	0.000939435451616788
1.02309995872284	0.034290411965500533	0.0009328516681598176
1.032529451429962	0.03623583771675165	0.0009263395115610695
1.041958944137086	0.038355003384555775	0.0009198979182614142
1.0513884368442081	0.04066914320378778	0.0009135258447396932
1.060817929551332	0.04320280493837103	0.0009072222670549746
1.0702474222584542	0.045984482646814984	0.0009009861804030184
1.0796769149655763	0.04904739302394301	0.000894816598682624
1.0891064076727002	0.05243043316766305	0.000888712554073523
1.0985359003798223	0.0561793689981116	0.0008826730966271512
1.1079653930869462	0.0603483187704803	0.00087669729386608
1.1173948857940683	0.06500161659707193	0.0008707842303954383
1.1268243785011922	0.07021616862425151	0.0008649330075236605
1.1362538712083143	0.07608445230143013	0.0008591427428941145
1.1456833639154382	0.08271836098502305	0.0008534125701249451
1.1551128566225604	0.09025416750801951	0.0008477416384582437
1.1645423493296843	0.09885897912712338	0.000842129112420098
1.1739718420368064	0.10873919328222237	0.0008365741714877473
1.1834013347439303	0.12015165362128477	0.0008310760097651748
1.1928308274510524	0.13341846801104307	0.0008256338356666948
1.2022603201581745	0.148946807817943	0.0008202468716109745
1.2116898128652984	0.16725548273455715	0.000814914353719054
1.2211193055724205	0.18901068356800454	0.0008096355315234671
1.2305487982795444	0.2150739532630288	0.0008044096676815826
1.2399782909866666	0.24656596206378656	0.0007992360376993801
1.2494077836937905	0.2849493678920816	0.0007941139296585575
1.2588372764009126	0.33213120942278707	0.0007890426439518539
1.2682667691080365	0.39057566932094345	0.000784021493028142
1.2776962618151586	0.4633918672448827	0.0007790498011370772
1.2871257545222825	0.5542977432095297	0.0007741269040859589
1.2965552472294046	0.6672222238554664	0.0007692521489994775
1.3059847399365285	0.8050511493209012	0.0007644248940861242
1.3154142326436506	0.9667080013761753	0.0007596445084112613
1.3248437253507728	1.141932982781329	0.0007549103716726346
1.3342732180578967	1.3053912896758761	0.0007502218739852129
1.3437027107650188	1.4173608966286215	0.0007455784156684686
1.3531322034721427	1.440531150167992	0.0007409794070394327
1.3625616961792648	1.366101878800002	0.0007364242682104116
1.3719911888863887	1.2210489749887659	0.0007319124288927004
1.3814206815935108	1.0471271609972037	0.0007274433282040693
1.3908501743006347	0.8772083935567968	0.0007230164144802487
1.4002796670077569	0.727919811191771	0.0007186311450906313
1.4097091597148808	0.6037938027041072	0.0007142869862608592
1.4191386524220029	0.5032734390600296	0.0007099834128967419
1.4285681451291268	0.42267575949222835	0.0007057199084130605
1.437997637836249	0.35809970189555607	0.0007014959645665897
1.447427130543371	0.30613704170534395	0.0006973110812931171
1.456856623250495	0.2640332071579463	0.0006931647665480156
1.466286115957617	0.22963820931586176	0.0006890565361494794
1.475715608664741	0.20129836310357874	0.000684985913628422
1.485145101371863	0.17774694673461944	0.0006809524300761538
1.494574594078987	0.15801204551740455	0.0006769556240027175
1.504004086786109	0.14134430684834942	0.0006729950411925589
1.513433579493233	0.12716214263060988	0.0006690702345659716
1.522863072200355	0.1150107698596391	0.0006651807640427609
1.532292564907479	0.10453174762349549	0.0006613261964112382
1.5417220576146011	0.09544031140897502	0.0006575061051954378
1.551151550321725	0.08750844898189825	0.0006537200705309942
1.5605810430288471	0.08055219524453716	0.0006499676790392428
1.5700105357359693	0.07442203284546434	0.0006462485237068716
1.5794400284430932	0.06899558851432541	0.0006425622037660172
1.5888695211502153	0.06417203574792751	0.0006389083245785798
1.5982990138573392	0.059867773824233694	0.0006352864975240902
1.6077285065644613	0.05601306796384531	0.0006316963398849129
1.6171579992715852	0.05254941833816673	0.0006281374747418855
1.6265874919787073	0.049427485643966484	0.0006246095308648503
1.6360169846858312	0.04660544463870142	0.0006211121426096256
1.6454464773929534	0.04404766898976753	0.0006176449498156433
1.6548759701000773	0.041723674319024795	0.0006142075977082495
1.6643054628071994	0.03960726375559698	0.0006107997367974516
1.6737349555143233	0.03767583330819857	0.0006074210227859922
1.6831644482214454	0.03590980412343647	0.000604071116474314
1.6925939409285675	0.03429215606467628	0.0006007496836686332
1.7020234336356914	0.03280804264643078	0.0005974563950930101
1.7114529263428135	0.03144447164208397	0.0005941909262994205
1.7208824190499374	0.030190038977789158	0.0005909529575840455
1.7303119117570596	0.029034706075210748	0.0005877421739024502
1.7397414044641835	0.027969612790028187	0.0005845582647865388
1.7491708971713056	0.026986919645810348	0.000581400924264841
1.7586003898784295	0.026079674284191112	0.00057826985078413
1.7680298825855516	0.025241698017940406	0.0005751647471299304
1.7774593752926755	0.024467489140807652	0.0005720853203532439
1.7868888679997976	0.023752140260576482	0.0005690312816952758
1.7963183607069215	0.02309126741309886	0.0005660023465150488
1.8057478534140436	0.02248094911093812	0.00056299823421746
1.8151773461211658	0.021917673800553206	0.0005600186681844477
1.8246068388282897	0.021398294462258827	0.0005570633757072674
1.8340363315354118	0.02091998929959349	0.0005541320879176581
1.8434658242425357	0.020480227638718818	0.0005512245397236715
1.8528953169496578	0.020076740301629314	0.0005483404697452787
1.8623248096567817	0.01970749383510828	0.000545479620250866
1.8717543023639038	0.019370668075387565	0.0005426417370959502
1.8811837950710277	0.01906463660998914	0.0005398265696630045
1.8906132877781499	0.01878794976641185	0.0005370338707999522
1.9000427804852738	0.01853931981451229	0.0005342633967664323
1.9094722731923959	0.01831760811766414	0.0005315149071716263
1.9189017658995198	0.018121814008618564	0.0005287881649227444
1.928331258606642	0.017951065200798477	0.0005260829361670716
1.937760751313764	0.0178046095755493	0.0005233989902402314
1.947190244020888	0.01768180821161003	0.0005207360996131172
1.95661973672801	0.017582129545409053	0.0005180940398394895
1.966049229435134	0.017505144570449604	0.0005154725895062384
1.975478722142256	0.017450523001452	0.0005128715301827569
1.98490821484938	0.017418030344611313	0.0005102906463732015
1.994337707556502	0.0174075258296158	0.000507729725469197
2.003767200263626	0.017418961172361414	0.0005051885577003201
2.013196692970748	0.017452380149866054	0.000502666936091245
2.022626185677872	0.017507918981043424	0.0005001646564153361
2.032055678384994	0.01758580751899974	0.000497681517149573
2.0414851710921162	0.017686371272661927	0.0004952173194323617
2.05091466379924	0.01781003428807726	0.0004927718670204584
2.0603441565063623	0.01795732293296559	0.000490344966248335
2.069773649213486	0.01812887064233515	0.00048793642598443654
2.0792031419206083	0.018325423698562382	0.0004855460575934334
2.088632634627732	0.018547848136637235	0.0004831736748966975
2.0980621273348543	0.018797137884793425	0.000480819094131002
2.107491620041978	0.019074424272913948	0.00047848213391432637
2.1169211127491003	0.019380987066630717	0.00047616261520500025
2.1263506054562242	0.0197182672145777	0.00047386036126706443
2.1357800981633464	0.02008788153074803	0.0004715751976338556
2.1452095908704703	0.020491639574373832	0.0004693069520724791
2.1546390835775924	0.020931563037512757	0.00046705545454961417
2.1640685762847145	0.021409908007160916	0.0004648205371964309
2.1734980689918384	0.021929190536193466	0.0004626020342766157
2.1829275616989605	0.022492216038133783	0.0004603997821526207
2.1923570544060844	0.023102113117714373	0.000458213619253911
2.2017865471132065	0.023762372566101697	0.00045604338604410266
2.2112160398203304	0.02447689239121209	0.0004538889249925404
2.2206455325274526	0.025250029925593442	0.00045175008054076926
2.2300750252345765	0.02608666226430545	0.00044962669907455677
2.2395045179416986	0.026992256542469284	0.000447518628893917
2.2489340106488225	0.027972951878645902	0.00044542572018357873
2.2583635033559446	0.029035655201208876	0.0004433478249856737
2.2677929960630685	0.03018815366008243	0.0004412847971717593
2.2772224887701906	0.031439246930967446	0.00043923649241395246
2.2866519814773127	0.03279890347647141	0.00043720276815939485
2.2960814741844366	0.034278445781357636	0.00043518348360405135
2.3055109668915588	0.03589077078385439	0.00043317849966584276
2.3149404595986827	0.037650613256035914	0.0004311876789586666
2.324369952305805	0.039574861842325504	0.00042921088576974853
2.3337994450129287	0.04168293997790462	0.0004272479860312206
2.343228937720051	0.043997267154750386	0.0004252988472999153
2.3526584304271747	0.046543820220700916	0.00042336333873049803
2.362087923134297	0.04935281990993612	0.00042144133105370685
2.3715174158414207	0.05245957505393406	0.00041953269655281566
2.380946908548543	0.055905526517837756	0.0004176373090409857
2.3903764012556667	0.05973954568838191	0.0004157550438392832
2.399805893962789	0.064019559473386	0.00041388577775447466
2.409235386669911	0.06881459689035441	0.00041202938905837705
2.418664879377035	0.07420738371091495	0.0004101857574660972
2.428094372084157	0.08029765450912674	0.0004083547641151597
2.437523864791281	0.08720641037326893	0.0004065362915453008
2.446953357498403	0.0950814318684311	0.00040473022367848444
2.456382850205527	0.10410446951203678	0.00040293644580025045
2.465812342912649	0.11450069036578725	0.0004011548445381763
2.475241835619773	0.1265511758897856	0.00039938530784389137
2.484671328326895	0.14060956395396762	0.0003976277249748694
2.494100821034019	0.1571243305002027	0.0003958819864759988
2.503530313741141	0.17666873221032153	0.00039414798415982055
2.512959806448265	0.19998107025656175	0.00039242561109098517
2.522389299155387	0.22801858480637627	0.0003907147615667128
2.5318187918625092	0.26202859947173973	0.0003890153311012501
2.541248284569633	0.3036395242817368	0.0003873272164078845
2.5506777772767553	0.35496949938104183	0.00038565031538251304
2.560107269983879	0.41873584109537687	0.000383984527086767
2.5695367626910013	0.4983106046810909	0.0003823297517329127
2.578966255398125	0.5975792720783494	0.0003806858906674204
2.5883957481052473	0.720276991691999	0.000379052846355199
2.597825240812371	0.8681752311708681	0.0003774305223638308
2.6072547335194933	1.0372578919479345	0.0003758188233504711
2.6166842262266172	1.2117833471774655	0.00037421765504408455
2.6261137189337393	1.3597951301677846	0.00037262692423234434
2.6355432116408632	1.4395130050259497	0.00037104653874830973
2.6449727043479854	1.422293750338635	0.0003694764074539947
2.6544021970551075	1.3146895253139261	0.0003679164402272672
2.6638316897622314	1.1530244216319216	0.00036636654794897083
2.6732611824693535	0.9775463828441123	0.00036482664248915775
2.6826906751764774	0.814600699818544	0.0003632966366931001
2.6921201678835995	0.6752020120984643	0.00036177644436730105
2.7015496605907234	0.5608060500084959	0.0003602659802701691
2.7109791532978456	0.46865887202759593	0.0003587651600953645
2.7204086460049695	0.394844785379204	0.0003572739004613634
2.7298381387120916	0.33561500713353265	0.0003557921188990232
2.7392676314192155	0.287819667443836	0.00035431973383937
2.7486971241263376	0.24895692988215157	0.0003528566646018305
2.7581266168334615	0.21708885378657716	0.00035140283138113126
2.7675561095405836	0.19072868566169665	0.0003499581552386388
2.7769856022477057	0.16873739349170458	0.000348522558088149
2.7864150949548296	0.15023956715679532	0.000347095962686339
2.7958445876619518	0.13455855826015017	0.00034567829262077687
2.8052740803690757	0.12116764874334285	0.00034426947230037364
2.814703573076198	0.10965365549608164	0.00034286942694339295
2.8241330657833217	0.09968987067152002	0.0003414780825676811
2.833562558490444	0.09101590529596659	0.0003400953659795647
2.8429920511975677	0.08342260877349039	0.00033872120476563516
2.85242154390469	0.07674071957056139	0.00033735552728031415
2.8618510366118137	0.07083226652544172	0.00033599826263608357
2.871280529318936	0.0655840076208688	0.0003346493406963802
2.8807100220260597	0.06090238688381511	0.0003333086920633832
2.890139514733182	0.05670962986315253	0.0003319762480691324
2.899569007440304	0.05294069890251907	0.0003306519407670905
2.908998500147428	0.049540902233513706	0.0003293357029221511
2.91842799285455	0.04646400373565018	0.00032802746800175697
2.927857485561674	0.04367071872910344	0.00032672717016701824
2.937286978268796	0.041127509420435526	0.0003254347442649408
2.94671647097592	0.03880561447473907	0.00032415012581776814
2.956145963683042	0.03668026267739721	0.00032287325101632014
2.965575456390166	0.03473003222880733	0.0003216040567108891
2.975004949097288	0.03293632592875584	0.000320342480402358
2.984434441804412	0.03128293910500446	0.0003190884602350952
2.993863934511534	0.029755702168009268	0.00031784193498918256
3.003293427218658	0.028342183527623965	0.000316602844071312
3.01272291992578	0.027031441579652093	0.0003153711275070137
3.0221524126329022	0.025813816775141718	0.00031414672593510495
3.031581905340026	0.024680756583073005	0.00031292958059747633
3.0410113980471483	0.02362466756673698	0.00031171963333243013
3.050440890754272	0.022638789905213064	0.00031051682656890733
3.0598703834613943	0.02171709057154747	0.00030932110331693963
3.069299876168518	0.020854172079898814	0.00030813240716276447
3.0787293688756403	0.020045194274288636	0.00030695068225927713
3.088158861582764	0.01928580708178329	0.00030577587332114575
3.0975883542898863	0.018572092516202177	0.00030460792561815
3.1070178469970102	0.017900514512793175	0.000303446784965411
3.1164473397041323	0.017267875413816136	0.0003022923977216152
3.1258768324112562	0.016671278120576116	0.000301144710778134
3.1353063251183784	0.01610809308785388	0.0003000036715548049
3.1447358178255005	0.015575929468652383	0.0002988692279926042
3.1541653105326244	0.015072609826196182	0.0002977413285483177
3.1635948032397465	0.014596147920435176	0.0002966199221878796
3.1730242959468704	0.014144729151415736	0.000295504958380155
3.1824537886539925	0.013716693304526184	0.0002943963870907229
3.1918832813611164	0.013310519295030243	0.0002932941587772131
3.2013127740682386	0.012924811653313273	0.00029219822438109055
3.2107422667753625	0.012558288529262218	0.00029110853532521297
3.2201717594824846	0.012209771025490923	0.0002900250435047269
3.2296012521896085	0.011878173695544891	0.00028894770128373715
3.2390307448967306	0.011562496065703698	0.0002878764614886453
3.2484602376038545	0.011261815058085656	0.0002868112774043752
3.2578897303109766	0.010975278209078954	0.00028575210276637897
3.2673192230180987	0.010702097591054116	0.0002846988917573068
3.2767487157252226	0.010441544357289834	0.0002836515990012334
3.2861782084323448	0.010192943840299229	0.00028261017955899526
3.2956077011394687	0.009955671142627298	0.00028157458892219545
3.305037193846591	0.009729147166820051	0.0002805447830080965
3.3144666865537147	0.009512835037910117	0.00027952071815584567
3.323896179260837	0.009306236877507645	0.00027850235112159005
3.3333256719679607	0.009108890893595678	0.00027748963907203716
3.342755164675083	0.008920368754505748	0.0002764825395804582
3.3521846573822067	0.00874027321937798	0.00027548101062357944
3.361614150089329	0.008568236000765062	0.0002744850105749208
3.371043642796451	0.00840391583801392	0.0002734944982012433
3.380473135503575	0.00824699676267926	0.0002725094326569977
3.389902628210697	0.008097186539547607	0.0002715297734823263
3.399332120917821	0.007954215268948905	0.00027055548059529144
3.408761613624943	0.007817834137892055	0.0002695865142905429
3.418191106332067	0.007687814309263352	0.0002686228352333231
3.427620599039189	0.007563945939875083	0.000267664404455914
3.437050091746313	0.007446037319568832	0.0002667111833538627
3.446479584453435	0.00733391412492268	0.0002657631336813182
3.455909077160559	0.007227418782339012	0.00026482021754592466
3.465338569867681	0.0071264099365153655	0.0002638823974077109
3.474768062574805	0.007030762021442705	0.0002629496360722072
3.484197555281927	0.006940364932236598	0.0002620218966884469
3.493627047989049	0.006855123797265383	0.0002610991427447473
3.503056540696173	0.006774958851213819	0.00026018133806382515
3.5124860334032952	0.006699805410966819	0.00025926844680124184
3.521915526110419	0.006629613957502167	0.00025836043343918647
3.5313450188175413	0.006564350328392976	0.00025745726278447734
3.540774511524665	0.006503996027073411	0.00025655889996545334
3.5502040042317873	0.006448548656726949	0.0002556653104264228
3.559633496938911	0.006398022488591337	0.0002547764599256652
3.5690629896460333	0.006352449176654895	0.00025389231453254446
3.578492482353157	0.0063118786332276855	0.0002530128406224019
3.5879219750602793	0.006276380082753219	0.0002521380048736699
3.597351467767403	0.006246043314601546	0.000251267774265429
3.6067809604745253	0.00622098015950634	0.00025040211607429974
3.6162104531816475	0.0062013262189459795	0.0002495409978691132
3.6256399458887714	0.006187242882245592	0.0002486843875104672
3.6350694385958935	0.006178919672683136	0.0002478322531453969
3.6444989313030174	0.00617657697166063	0.00024698456320582096
3.6539284240101395	0.006180469179315362	0.00024614128640365607
3.6633579167172634	0.006190888381165327	0.00024530239172992907
3.6727874094243855	0.006208168603951014	0.00024446784845078007
3.6822169021315094	0.006232690760279214	0.00024363762610413175
3.6916463948386316	0.0062648884017544315	0.00024281169449680284
3.7010758875457554	0.006305254424798901	0.00024199002370295375
3.7105053802528776	0.0063543489035415845	0.0002411725840596457
3.7199348729600015	0.006412808261336167	0.0002403593461641762
3.7293643656671236	0.006481356038596786	0.0002395502808729688
3.7387938583742457	0.006560815572020151	0.00023874535929713225
3.7482233510813696	0.006652124972038931	0.00023794455279912974
3.7576528437884917	0.006756354875532833	0.00023714783299322306
3.7670823364956156	0.0068747295646937046	0.0002363551717399215
3.7765118292027378	0.007008652187438957	0.0002355665411437613
3.7859413219098617	0.007159734999127809	0.0002347819135517515
3.795370814616984	0.007329835781781924	0.00023400126155137535
3.8048003073241077	0.007521101902007055	0.00023322455796548347
3.81422980003123	0.007736023864465369	0.00023245177585184962
3.8236592927383537	0.007977500734095089	0.00023168288850161645
3.833088785445476	0.008248920478199584	0.00023091786943330028
3.8425182781525997	0.008554259175269752	0.00023015669239501158
3.851947770859722	0.008898204228336759	0.00022939933135734947
3.861377263566844	0.009286308314493064	0.00022864576051606633
3.870806756273968	0.009725182948865263	0.00022789595428451825
3.88023624898109	0.010222743451243965	0.00022714988729610752
3.889665741688214	0.01078852107242112	0.00022640753439873151
3.899095234395336	0.011434063481963186	0.0002256688706543386
3.90852472710246	0.012173452326498246	0.00022493387133670772
3.917954219809582	0.013023976960324535	0.0002242025119272295
3.927383712516706	0.014007017868453597	0.00022347476811557243
3.936813205223828	0.015149213290455044	0.0002227506157961301
3.946242697930952	0.016484010111266212	0.00022203003106557873
3.955672190638074	0.01805373756324924	0.00022131299022221107
3.965101683345198	0.019912391818566855	0.00022059946976238365
3.97453117605232	0.022129381265911463	0.00021988944637896246
3.983960668759442	0.024794549375824926	0.00021918289696021276
3.993390161466566	0.028024838435607657	0.0002184797985860243
4.002819654173688	0.03197290729532665	0.0002177801285290215
4.012249146880812	0.03683767277372152	0.00021708386424812431
4.021678639587934	0.04287562863489702	0.00021639098339210072
4.031108132295058	0.05040881122883567	0.00021570146379179533
4.04053762500218	0.05981812533070763	0.00021501528346390408
4.049967117709304	0.07149538053192983	0.000214332420604757
4.059396610416426	0.08569990402807304	0.00021365285359142838
4.06882610312355	0.10223547261761978	0.00021297656097818418
4.078255595830672	0.1198968078534729	0.00021230352149537168
4.087685088537796	0.1359074299857983	0.00021163371404830933
4.097114581244918	0.1461606551047271	0.000210967117713734
4.1065440739520405	0.1471374036242622	0.00021030371173957896
4.115973566659164	0.13846009278156812	0.0002096434755440857
4.1254030593662865	0.12320583993278189	0.00020898638871180708
4.13483255207341	0.10557054143940714	0.00020833243099360743
4.1442620447805325	0.08865402578548709	0.00020768158230399791
4.153691537487656	0.07393334235558302	0.00020703382272113657
4.1631210301947785	0.06175168145555088	0.00020638913248305357
4.172550522901902	0.05190602381771414	0.00020574749198853937
4.1819800156090245	0.04401486164825019	0.000205108881793592
4.1914095083161484	0.037689416264966025	0.00020447328260986275
4.200839001023271	0.03259489316814279	0.00020384067530532235
4.2102684937303945	0.02846243846953822	0.00020321104089959796
4.219697986437517	0.025082808088415565	0.00020258436056597162
4.229127479144639	0.022295233411650073	0.00020196061562693934
4.238556971851763	0.019976581473277744	0.00020133978755421111
4.247986464558885	0.0180323404691749	0.00020072185796693454
4.257415957266009	0.01638959517752414	0.0002001068086305846
4.266845449973131	0.014991713535610018	0.00019949462145452124
4.276274942680255	0.013794379500716603	0.00019888527849265536
4.285704435387377	0.012762643237516524	0.00019827876193989624
4.295133928094501	0.011868725754538012	0.00019767505413192943
4.304563420801623	0.011090378771789977	0.00019707413754410652
4.313992913508747	0.010409652619923548	0.0001964759947885586
4.323422406215869	0.009811964659000472	0.00019588060861508438
4.332851898922993	0.009285390007297445	0.00019528796190848574
4.342281391630115	0.00882011766471169	0.00019469803768745741
4.351710884337237	0.00840803048552441	0.0001941108191028107
4.361140377044361	0.00804237853333678	0.00019352628943813954
4.370569869751483	0.007717523349297761	0.00019294443210671197
4.379999362458607	0.007428736461104313	0.00019236523064969369
4.389428855165729	0.007172039681934028	0.00019178866873814648
4.398858347872853	0.0069440778411306026	0.00019121473016792123
4.408287840579975	0.006742016868402589	0.00019064339886121218
4.417717333287099	0.006563461845386587	0.0001900746588638924
4.427146825994221	0.006406390902904846	0.00018950849434595796
4.436576318701345	0.006269101794137977	0.00018894488959797506
4.446005811408467	0.00615016869585705	0.00018838382903219042
4.455435304115589	0.006048407341951001	0.0001878252971803107
4.464864796822713	0.0059628470194423855	0.00018726927869217036
4.474294289529835	0.005892708289315318	0.00018671575833639764
4.483723782236959	0.005837385556665575	0.00018616472099619585
4.493153274944081	0.005796433824933667	0.00018561615167111967
4.502582767651205	0.005769559140962666	0.00018507003547507672
4.512012260358327	0.0057566123820197435	0.00018452635763477332
4.521441753065451	0.005757586161197037	0.00018398510348904829
4.530871245772573	0.005772614740842674	0.0001834462584879848
4.540300738479697	0.005801976951040011	0.00018290980819202218
4.549730231186819	0.005846102217333171	0.00018237573827040165
4.559159723893943	0.005905579914665893	0.00018184403450050013
4.568589216601065	0.005981172388915712	0.00018131468276649798
4.578018709308187	0.006073832130521595	0.000180787669059157
4.587448202015311	0.006184723754884991	0.0001802629794749322
4.5968776947224335	0.006315251651990872	0.00017974060021308524
4.606307187429557	0.00646709442654414	0.0001792205175767947
4.6157366801366795	0.006642247577557048	0.00017870271797271187
4.625166172843803	0.00684307628625469	0.00017818718790696408
4.6345956655509255	0.007072380725147598	0.00017767391398759713
4.644025158258049	0.007333477012126832	0.00017716288292191074
4.6534546509651715	0.007630297870469649	0.0001766540815151263
4.662884143672295	0.007967518299944354	0.0001761474966714971
4.6723136363794175	0.008350713228557627	0.0001756431153916438
4.681743129086541	0.008786556356264352	0.00017514092477255438
4.691172621793664	0.009283072441699236	0.00017464091200558585
4.700602114500786	0.009849959431055044	0.00017414306437690819
4.71003160720791	0.010499002521736633	0.00017364736926706037
4.719461099915032	0.011244610107873476	0.00017315381414850783
4.728890592622156	0.012104512431737269	0.00017266238658542044
4.738320085329278	0.013100678855993753	0.00017217307423322836
4.747749578036402	0.014260530582883568	0.00017168586483751191
4.757179070743524	0.015618554438299626	0.00017120074623377945
4.766608563450648	0.017218462382932342	0.00017071770634569106
4.77603805615777	0.01911609271626613	0.0001702367331855026
4.785467548864894	0.021383312065206272	0.00016975781485140118
4.794897041572016	0.02411324372464052	0.00016928093952905954
4.80432653427914	0.027427187128430175	0.00016880609548919345
4.813756026986262	0.03148351820304374	0.00016833327108689566
4.823185519693384	0.03648844756787306	0.00016786245476296813
4.832615012400508	0.04270722352887146	0.00016739363503948113
4.84204450510763	0.050470975890403724	0.00016692680052332598
4.851473997814754	0.06016638033367605	0.00016646193990088598
4.860903490521876	0.07217843343980812	0.00016599904194247728
4.870332983229	0.08672756331840459	0.00016553809549613163
4.879762475936122	0.10351493833366865	0.00016507908949225936
4.889191968643246	0.1211437025225286	0.00016462201293876433
4.898621461350368	0.13660558204766238	0.00016416685492193217
4.908050954057492	0.14572195890099449	0.00016371360460709639
4.917480446764614	0.14527877856136784	0.00016326225123552973
4.926909939471738	0.1354376958065211	0.00016281278412511035
4.93633943217886	0.1196018566843875	0.0001623651926703218
4.945768924885982	0.10191149391809806	0.00016191946633914434
4.955198417593106	0.08523639981680486	0.00016147559467594164
4.964627910300228	0.07085713795377946	0.00016103356729790796
4.974057403007352	0.05900967598198803	0.00016059337389506823
4.983486895714474	0.04944949363055162	0.0001601550042309441
4.992916388421598	0.041787165386604874	0.00015971844814077762
5.00234588112872	0.03563935046748701	0.00015928369553019905
5.011775373835844	0.030680337415675885	0.00015885073637722513
5.021204866542966	0.02665012301157399	0.0001584195607289285
5.03063435925009	0.023346870345983484	0.0001579901587023258
5.040063851957212	0.02061562721514343	0.00015756252048304553
5.049493344664336	0.01833769556729259	0.00015713663632577202
5.058922837371458	0.016421900701522496	0.00015671249655224706
5.06835233007858	0.014797825933507536	0.00015629009155238016
5.077781822785704	0.013410708299576246	0.00015586941178202807
5.0872113154928265	0.01221763121221442	0.00015545044776299477
5.09664080819995	0.011184693656804745	0.00015503319008369765
5.1060703009070725	0.010284902431786147	0.00015461762939650292
5.115499793614196	0.009496596227250631	0.00015420375641883588
5.1249292863213185	0.00880226057773048	0.00015379156193162657
5.134358779028442	0.008187630823680347	0.00015338103677997594
5.1437882717355645	0.007641008261443982	0.0001529721718716015
5.153217764442688	0.007152735013649103	0.00015256495817594917
5.1626472571498105	0.006714787835106373	0.0001521593867248594
5.172076749856934	0.006320461652365994	0.00015175544861101287
5.181506242564057	0.005964121278637657	0.00015135313498948477
5.190935735271179	0.005641005287739254	0.000150952437073526
5.200365227978303	0.0053470700693449835	0.00015055334613744975
5.209794720685425	0.005078865047792203	0.00015015585351529914
5.219224213392549	0.0048334322295895404	0.0001497599505981828
5.228653706099671	0.004608224864860455	0.00014936562883782756
5.238083198806795	0.0044010412181301195	0.0001489728797423595
5.247512691513917	0.004209970353681536	0.00014858169487808048
5.256942184221041	0.004033347529092568	0.00014819206586724754
5.266371676928163	0.003869717314655574	0.00014780398438962727
5.275801169635287	0.0037178029578468497	0.0001474174421811636
5.285230662342409	0.00357648082136941	0.00014703243103197927
5.294660155049533	0.0034447589630506315	0.00014664894278859641
5.304089647756655	0.0033217591127263635	0.0001462669693521601
5.313519140463777	0.0032067014476855338	0.00014588650267732817
5.322948633170901	0.003098891683552374	0.00014550753477293732
5.332378125878023	0.002997710088821215	0.00014513005770133702
5.341807618585147	0.0029026021038796035	0.0001447540635775013
5.351237111292269	0.0028130703034117133	0.00014437954456880675
5.360666603999393	0.002728667487710057	0.00014400649289569856
5.370096096706515	0.002648990726000555	0.00014363490082902608
5.379525589413639	0.002573676205340547	0.00014326476069115301
5.388955082120761	0.002502394763408411	0.00014289606485617945
5.398384574827885	0.00243484800371796	0.00014252880574727733
5.407814067535007	0.002370764908349088	0.00014216297583913295
5.417243560242131	0.0023098988769192363	0.0001417985676546163
5.426673052949253	0.0022520251317672546	0.00014143557376655735
5.436102545656375	0.0021969384386244517	0.0001410739867973021
5.445532038363499	0.0021444510998167576	0.0001407137994160479
5.454961531070621	0.0020943911834605533	0.000140355004341286
5.464391023777745	0.002046600957550382	0.00013999759433858117
5.473820516484867	0.0020009355023387076	0.00013964156222190383
5.483250009191991	0.001957261478231942	0.0001392869008502995
5.492679501899113	0.0019154560296346101	0.0001389336031307753
5.502108994606237	0.0018754058079002434	0.0001385816620167457
5.511538487313359	0.001837006098848848	0.00013823107050581207
5.520967980020483	0.0018001600422730135	0.00013788182164309326
5.530397472727605	0.001764777932533157	0.00013753390851789504
5.539826965434729	0.0017307765907641492	0.000137187324263488
5.549256458141851	0.0016980788004505865	0.00013684206205888394
5.558685950848973	0.0016666127991680213	0.00013649811512705945
5.568115443556097	0.001636311820200964	0.00013615547673317963
5.5775449362632195	0.0016071136785296147	0.00013581414018815074
5.586974428970343	0.0015789603963420884	0.00013547409884395734
5.5964039216774655	0.0015517978638286412	0.00013513534609610467
5.605833414384589	0.001525575531505785	0.00013479787538250854
5.6152629070917115	0.001500246130768268	0.00013446168018305116
5.624692399798835	0.0014757654197525838	0.00013412675401980323
5.6341218925059575	0.0014520919519218634	0.00013379309045480348
5.643551385213081	0.001429186865080867	0.00013346068309316728
5.6529808779202035	0.0014070136887900375	0.0001331295255793119
5.662410370627327	0.0013855381683631762	0.00013279961159873288
5.67183986333445	0.0013647281038371428	0.00013247093487667172
5.681269356041572	0.001344553202480503	0.00013214348917856
5.690698848748696	0.0013249849435481575	0.0001318172683095753
5.700128341455818	0.001305996454138425	0.00013149226611375298
5.709557834162942	0.001287562395122066	0.00013116847647354213
5.718987326870064	0.001269658856217104	0.00013084589331135987
5.728416819577188	0.001252263259384323	0.00013052451058714887
5.73784631228431	0.0012353542697960407	0.0001302043222983773
5.747275804991434	0.0012189117137058059	0.0001298853224813712
5.756705297698556	0.0012029165026135047	0.00012956750520931593
5.76613479040568	0.0011873505631865289	0.0001292508645931445
5.775564283112802	0.001172196772432521	0.00012893539477953908
5.784993775819924	0.0011574388976871575	0.00012862108995270738
5.794423268527048	0.0011430615410077394	0.00012830794433305037
5.80385276123417	0.001129050087609107	0.00012799595217738435
5.813282253941294	0.0011153906580079198	0.00012768510777738662
5.822711746648416	0.00110207006357399	0.00012737540546137183
5.83214123935554	0.00108907576521311	0.0001270668395918495
5.841570732062662	0.001076395834935795	0.00012675940456752244
5.851000224769786	0.0010640189200772365	0.00012645309482106626
5.860429717476908	0.0010519342099684081	0.0001261479048195735
5.869859210184032	0.0010401314048638088	0.00012584382906433156
5.879288702891154	0.0010286006869559827	0.00012554086209148885
5.888718195598278	0.0010173326933144988	0.00012523899846961228
5.8981476883054	0.0010063184906095035	0.00012493823280146366
5.907577181012522	0.0009955495514866186	0.00012463855972355553
5.917006673719646	0.0009850177324641773	0.0001243399739039308
5.926436166426768	0.0009747152532548764	0.00012404247004482727
5.935865659133892	0.0009646346773950487	0.00012374604287956892
5.945295151841014	0.0009547688940987342	0.00012345068717523056
5.954724644548138	0.0009451111012417357	0.00012315639772975118
5.96415413725526	0.0009356547894039391	0.00012286316937326625
5.973583629962384	0.0009263937268879641	0.00012257099696721951
5.983013122669506	0.0009173219456544146	0.00012227987540480711
5.99244261537663	0.0009084337281075605	0.00012198979960964529
6.001872108083752	0.0008997235946710536	0.00012170076453710266
6.011301600790876	0.0008911862921097136	0.00012141276517207977
6.020731093497998	0.0008828167825367661	0.00012112579653056343
6.03016058620512	0.0008746102330732253	0.00012083985365851646
6.039590078912244	0.0008665620061041324	0.00012055493163232178
6.049019571619366	0.0008586676501067814	0.00012027102555745017
6.05844906432649	0.0008509228910043021	0.00011998813056890434
6.0678785570336125	0.000843323624016179	0.00011970624183099687
6.077308049740736	0.0008358659059757301	0.00011942535453801639
6.0867375424478585	0.0008285459480807944	0.00011914546391178504
6.096167035154982	0.000821360109057423	0.00011886656520387895
6.1055965278621045	0.0008143048887090387	0.00011858865369340776
6.115026020569228	0.0008073769218264193	0.00011831172468901308
6.1244555132763505	0.0008005729724418487	0.00011803577352598182
6.133885005983474	0.000793889928402125	0.00011776079556802266
6.1433144986905965	0.0007873247962491003	0.0001174867862065998
6.152743991397719	0.0007808746963833268	0.00011721374086093306
6.162173484104843	0.0007745368585023726	0.00011694165497655451
6.171602976811965	0.0007683086172936004	0.00011667052402697387
6.181032469519089	0.0007621874083696412	0.00011640034351234618
6.190461962226211	0.0007561707644374582	0.00011613110895924983
6.199891454933335	0.0007502563116839056	0.00011586281592035341
6.209320947640457	0.0007444417663702296	0.00011559545997563703
6.218750440347581	0.0007387249316275213	0.00011532903673039385
6.228179933054703	0.00073310369443913	0.00011506354181634038
6.237609425761827	0.0007275760228067085	0.00011479897089050617
6.247038918468949	0.0007221399630881198	0.00011453531963567798
6.256468411176073	0.0007167936375038764	0.00011427258375995564
6.265897903883195	0.0007115352418038956	0.0001140107589969741
6.275327396590317	0.00070636304308902	0.00011374984110434916
6.284756889297441	0.0007012753777821956	0.0001134898258656758
6.294186382004563	0.0006962706497464222	0.00011323070908830779
6.303615874711687	0.000691347328543479	0.00011297248660535608
6.313045367418809	0.0006865039478318735	0.00011271515427258016
6.322474860125933	0.0006817391038973497	0.00011245870797171875
6.331904352833055	0.0006770514543228412	0.00011220314360627093
6.341333845540179	0.0006724397167827689	0.0001119484571052709
6.350763338247301	0.0006679026679750066	0.00011169464442151167
6.360192830954425	0.0006634391426778574	0.00011144170152932453
6.369622323661547	0.0006590480329391468	0.00011118962442857594
6.379051816368671	0.0006547282873974325	0.00011093840914111475
6.388481309075793	0.0006504789107344422	0.00011068805171188245
6.397910801782915	0.0006462989632598504	0.00011043854820869115
6.407340294490039	0.0006421875606363869	0.00011018989472244556
6.416769787197161	0.0006381438737443901	0.00010994208736558875
6.426199279904285	0.0006341671286884676	0.00010969512227365641
6.435628772611407	0.0006302566069580351	0.00010944899560461074
6.445058265318531	0.0006264116457399549	0.00010920370353773023
6.454487758025653	0.0006226316383954877	0.00010895924227494191
6.463917250732777	0.0006189160351084411	0.00010871560803860092
6.473346743439899	0.0006152643437131733	0.00010847279707437707
6.482776236147023	0.0006116761307117802	0.00010823080564770216
6.492205728854145	0.0006081510224966724	0.0001079896300471006
6.501635221561269	0.0006046887067869822	0.00010774926658041473
6.511064714268391	0.0006012889342984495	0.00010750971157791334
6.520494206975513	0.0005979515206606667	0.0001072709613900713
6.529923699682637	0.0005946763486051054	0.00010703301238756957
6.539353192389759	0.0005914633704395822	0.00010679586096284943
6.548782685096883	0.0005883126108428005	0.00010655950352789212
6.5582121778040054	0.0005852241699988436	0.00010632393651555105
6.567641670511129	0.0005821982271030368	0.00010608915637799754
6.577071163218253	0.0005792350442828109	0.00010585515958805303
6.586500655925374	0.0005763349709608789	0.00010562194263852298
6.5959301486324975	0.000573498448713794	0.00010538950204175279
6.605359641339621	0.0005707260166725181	0.00010515783432940573
6.614789134046745	0.0005680183175211795	0.00010492693605335113
6.624218626753866	0.0005653761041568561	0.00010469680378366597
6.6336481194609895	0.0005628002470849935	0.0001044674341106333
6.643077612168113	0.0005602917426281717	0.00010423882364363202
6.652507104875234	0.0005578517220408141	0.0001040109690100266
6.661936597582358	0.0005554814616355319	0.00010378386685694352
6.671366090289482	0.0005531823940394531	0.00010355751385038303
6.6807955829966055	0.0005509561207102109	0.00010333190667366488
6.690225075703726	0.0005488044258739055	0.00010310704202964871
6.69965456841085	0.000546729292050685	0.00010288291663917981
6.709084061117974	0.0005447329173744464	0.00010265952724153316
6.7185135538250975	0.0005428177349353636	0.0001024368705933032
6.727943046532218	0.0005409864344061432	0.00010221494347018023
6.737372539239342	0.0005392419862551012	0.00010199374266495198
6.746802031946466	0.0005375876689015513	0.00010177326498816974
6.756231524653586	0.0005360270992067484	0.00010155350726837042
6.76566101736071	0.0005345642667773376	0.00010133446635118837
6.775090510067834	0.0005332035726173245	0.00010111613909935535
6.784520002774958	0.0005319498727640593	0.00010089852239403285
6.793949495482078	0.000530808527640092	0.00010068161313192547
6.803378988189202	0.000529785457984211	0.00010046540822816752
6.812808480896326	0.0005288872083666352	0.00010024990461410255
6.82223797360345	0.000528121019481409	0.00010003509923794951
6.83166746631057	0.0005274949106015558	9.98209890645807e-05
6.841096959017694	0.0005270177738652126	9.960757107507767e-05
6.850526451724818	0.0005266994823367455	9.939484226872963e-05
6.859955944431942	0.0005265510141851948	9.918279965859256e-05
6.869385437139062	0.0005265845957618254	9.897144027615212e-05
6.878814929846186	0.0005268138669010103	9.87607611673269e-05
6.88824442255331	0.000527254072465011	9.855075939579905e-05
6.89767391526043	0.0005279222849443599	9.834143204012769e-05
6.907103407967554	0.0005288376639827064	9.813277619463712e-05
6.916532900674678	0.0005300217599197854	9.792478896941681e-05
6.925962393381802	0.0005314988700346746	9.771746749098753e-05
6.935391886088922	0.0005332964581201693	9.751080890052499e-05
6.944821378796046	0.0005354456504751415	9.730481035519212e-05
6.95425087150317	0.0005379818244941603	9.709946902702882e-05
6.963680364210294	0.0005409453099558537	9.689478210295199e-05
6.973109856917414	0.0005443822281048227	9.669074678630984e-05
6.982539349624538	0.0005483455000139248	9.648736029443938e-05
6.991968842331662	0.0005528960639393787	9.628461985955461e-05
7.0013983350387825	0.0005581043520457296	9.608252272985673e-05
7.010827827745906	0.0005640520907441715	9.588106616642555e-05
7.02025732045303	0.0005708345070807308	9.568024744610604e-05
7.029686813160154	0.0005785630475687586	9.548006386128627e-05
7.0391163058672745	0.0005873687476916079	9.52805127161227e-05
7.0485457985743984	0.0005974064327347595	9.508159133209126e-05
7.057975291281522	0.0006088599877234202	9.48832970426583e-05
7.067404783988646	0.0006219490114132142	9.468562719727736e-05
7.076834276695767	0.0006369372743861845	9.44885791573924e-05
7.0862637694028905	0.0006541435451781208	9.429215030043459e-05
7.095693262110014	0.0006739555464294611	9.409633801671369e-05
7.105122754817138	0.0006968480769302676	9.390113971097236e-05
7.114552247524259	0.0007234067151875578	9.370655280083184e-05
7.1239817402313825	0.0007543590469827333	9.351257471812424e-05
7.133411232938506	0.0007906160876041124	9.331920290800433e-05
7.142840725645627	0.0008333275656304817	9.312643482939365e-05
7.152270218352751	0.0008839560677991187	9.293426795475845e-05
7.161699711059875	0.0009443767472687714	9.274269976877747e-05
7.1711292037669985	0.0010170112658522967	9.255172777056231e-05
7.180558696474119	0.001105006363356864	9.236134947188113e-05
7.189988189181243	0.0012124673447375667	9.217156239782476e-05
7.199417681888367	0.0013447506235524376	9.198236408547444e-05
7.2088471745954905	0.0015087967701077343	9.179375208656637e-05
7.218276667302611	0.001713421734178766	9.160572396349487e-05
7.227706160009735	0.0019693256676431847	9.141827729286511e-05
7.237135652716859	0.0022882247131814637	9.12314096632727e-05
7.246565145423979	0.002679826894538051	9.104511867685794e-05
7.255994638131103	0.0031444175704029576	9.085940194708542e-05
7.265424130838227	0.003658760765993918	9.067425709985422e-05
7.274853623545351	0.004157930179850888	9.04896817743861e-05
7.284283116252471	0.004530666304859876	9.030567362078301e-05
7.293712608959595	0.004658343290062206	9.012223030335775e-05
7.303142101666719	0.004492472791688407	8.993934949597104e-05
7.312571594373843	0.0040941449666000995	8.975702888647241e-05
7.322001087080963	0.00358500713959109	8.957526617336953e-05
7.331430579788087	0.003071533102744217	8.939405906871478e-05
7.340860072495211	0.0026126352998812052	8.921340529410848e-05
7.350289565202335	0.0022276205266855698	8.903330258469566e-05
7.359719057909455	0.0019144072256604971	8.885374868650153e-05
7.369148550616579	0.0016627489059948264	8.867474135709763e-05
7.378578043323703	0.0014609534515823697	8.849627836582385e-05
7.388007536030823	0.0012985358859207707	8.831835749378847e-05
7.397437028737947	0.001166925109526984	8.814097653253583e-05
7.406866521445071	0.0010593972672972019	8.796413328515662e-05
7.416296014152195	0.0009707707721873238	8.778782556695397e-05
7.425725506859315	0.0008970757383695016	8.761205120300097e-05
7.435154999566439	0.000835268518441401	8.743680803036114e-05
7.444584492273563	0.0007830055249058443	8.726209389720019e-05
7.454013984980687	0.0007384708335251844	8.708790666145383e-05
7.463443477687807	0.0007002470608743483	8.69142441937143e-05
7.472872970394931	0.0006672192869492388	8.674110437412175e-05
7.482302463102055	0.0006385036013725198	8.656848509391857e-05
7.4917319558091755	0.0006133938024124319	8.639638425478324e-05
7.501161448516299	0.0005913214358992391	8.622479976949649e-05
7.510590941223423	0.0005718256486841877	8.605372956105306e-05
7.520020433930547	0.0005545302901548421	8.588317156354996e-05
7.5294499266376675	0.0005391263950214054	8.571312372041007e-05
7.538879419344791	0.000525358686416233	8.554358398615847e-05
7.548308912051915	0.0005130151029326679	8.537455032553432e-05
7.557738404759039	0.0005019186162489309	8.520602071371286e-05
7.56716789746616	0.0004919207962874594	8.503799313586136e-05
7.5765973901732835	0.0004828967192349598	8.487046558669498e-05
7.586026882880407	0.0004747409148875281	8.470343607158703e-05
7.595456375587528	0.0004673641241901283	8.453690260634694e-05
7.604885868294652	0.00046069069291143627	8.437086321588794e-05
7.6143153610017755	0.00045465646846043484	8.420531593511527e-05
7.623744853708899	0.00044920709766116396	8.404025880892618e-05
7.63317434641602	0.00044429664661005397	8.387568989243199e-05
7.642603839123144	0.000439886481487628	8.371160724962579e-05
7.652033331830268	0.00043594436284366544	8.35480089547147e-05
7.6614628245373915	0.0004324437164389128	8.338489309078767e-05
7.670892317244512	0.0004293630520277869	8.32222577518138e-05
7.680321809951636	0.0004266855080281573	8.306010103953376e-05
7.68975130265876	0.0004243985053564714	8.289842106634637e-05
7.6991807953658835	0.0004224934980614492	8.273721595308814e-05
7.708610288073004	0.00042096581211215067	8.257648383125371e-05
7.718039780780128	0.0004198145669465081	8.24162228401093e-05
7.727469273487252	0.000419042677352488	8.225643112869108e-05
7.736898766194372	0.0004186569361255277	8.209710685558314e-05
7.746328258901496	0.0004186681808313608	8.193824818758522e-05
7.75575775160862	0.0004190915510957627	8.177985330104498e-05
7.765187244315744	0.00041994684628421375	8.162192038163596e-05
7.774616737022864	0.0004212589974450509	8.146444762324734e-05
7.784046229729988	0.0004230586721918339	8.130743322887213e-05
7.793475722437112	0.00042538303711503467	8.115087541060717e-05
7.802905215144236	0.000428276709724118	8.099477238876496e-05
7.812334707851356	0.0004317929413462096	8.083912239276181e-05
7.82176420055848	0.00043599508457936587	8.068392366067378e-05
7.831193693265604	0.0004409584146971568	8.052917443901464e-05
7.840623185972724	0.00044677239519219647	8.037487298295787e-05
7.850052678679848	0.0004535435051351566	8.022101755611466e-05
7.859482171386972	0.0004613987827195576	8.00676064305339e-05
7.868911664094096	0.00047049028864187825	7.991463788692421e-05
7.878341156801216	0.00048100075963652955	7.976211021420987e-05
7.88777064950834	0.0004931508132679507	7.961002170908671e-05
7.897200142215464	0.0005072081894270664	7.945837067713235e-05
7.906629634922588	0.0005234996852665486	7.930715543214006e-05
7.916059127629708	0.0005424266771962838	7.915637429611877e-05
7.925488620336832	0.0005644854521518194	7.9006025599071e-05
7.934918113043956	0.0005902940260114065	7.885610767832674e-05
7.94434760575108	0.0006206277563196583	7.870661888009778e-05
7.9537770984582	0.0006564669153448222	7.855755755858951e-05
7.963206591165324	0.0006990605332173327	7.840892207577888e-05
7.972636083872448	0.0007500122683925525	7.82607108009703e-05
7.9820655765795685	0.000811395698676165	7.811292211257204e-05
7.991495069286692	0.0008859077490279699	7.796555439543162e-05
8.000924561993816	0.0009770684762580029	7.781860604261226e-05
8.01035405470094	0.0010894691377381083	7.767207545517074e-05
8.01978354740806	0.0012290485890105174	7.752596104193543e-05
8.029213040115184	0.0014033178589283324	7.738026121839603e-05
8.038642532822308	0.001621305498906267	7.723497440892402e-05
8.048072025529432	0.0018926721213528008	7.709009904455222e-05
8.057501518236553	0.0022248339586086185	7.694563356341888e-05
8.066931010943676	0.002616153383216968	7.680157641232199e-05
8.0763605036508	0.0030435047551720107	7.665792604449884e-05
8.08578999635792	0.0034475649374856587	7.65146809211803e-05
8.095219489065045	0.0037325520610629326	7.637183951025861e-05
8.104648981772169	0.003804497543165475	7.622940028717551e-05
8.114078474479292	0.003635619525795164	7.608736173470021e-05
8.123507967186413	0.0032871711827564543	7.59457223429294e-05
8.132937459893537	0.0028612294564418495	7.580448060884315e-05
8.14236695260066	0.002440913371269504	7.566363503630491e-05
8.151796445307784	0.002069536169418962	7.55231841365056e-05
8.161225938014905	0.0017597250698495603	7.538312642796363e-05
8.170655430722029	0.0015083022460258277	7.524346043563668e-05
8.180084923429153	0.00130639868489979	7.510418469203195e-05
8.189514416136277	0.0011444084753575723	7.49652977358739e-05
8.198943908843397	0.001013871453358517	7.482679811321447e-05
8.20837340155052	0.0009079256935802249	7.468868437698895e-05
8.217802894257645	0.0008212068187702926	7.455095508657195e-05
8.227232386964765	0.0007495862418664956	7.441360880822145e-05
8.236661879671889	0.0006899011914847097	7.427664411463475e-05
8.246091372379013	0.0006397254589571855	7.414005958605863e-05
8.255520865086137	0.0005971890822242809	7.400385380873509e-05
8.264950357793257	0.0005608413682949287	7.386802537556747e-05
8.274379850500381	0.0005295484427290109	7.373257288545432e-05
8.283809343207505	0.0005024170429945851	7.359749494528778e-05
8.293238835914629	0.0004787378257555819	7.346279016662294e-05
8.302668328621749	0.00045794304826629606	7.332845716923053e-05
8.312097821328873	0.00043957481197942627	7.319449457821037e-05
8.321527314035997	0.00042326107979007155	7.306090102510154e-05
8.330956806743117	0.00040869743751659193	7.292767514788245e-05
8.340386299450241	0.00039563312319379484	7.279481559141487e-05
8.349815792157365	0.0003838602472028274	7.266232100633374e-05
8.359245284864489	0.00037320541416097086	7.25301900492692e-05
8.36867477757161	0.0003635231652181492	7.239842138329067e-05
8.378104270278733	0.00035469080980887746	7.226701367812893e-05
8.387533762985857	0.00034660432528710317	7.213596560862179e-05
8.396963255692981	0.00033917508291203546	7.200527585649041e-05
8.406392748400101	0.00033232721751907945	7.18749431094512e-05
8.415822241107225	0.00032599550182421666	7.174496606143776e-05
8.425251733814349	0.0003201236188219436	7.16153434110467e-05
8.434681226521473	0.00031466275009961464	7.14860738650902e-05
8.444110719228593	0.0003095704163202928	7.135715613415528e-05
8.453540211935717	0.00030480952009637186	7.12285889363784e-05
8.462969704642841	0.00030034755217656084	7.110037099455901e-05
8.472399197349961	0.00029615593008447405	7.097250103793584e-05
8.481828690057085	0.00029220944471486376	7.084497780152077e-05
8.49125818276421	0.0002884857953278086	7.071780002632089e-05
8.500687675471333	0.0002849651972649525	7.059096645800622e-05
8.510117168178454	0.0002816300497474611	7.046447584957427e-05
8.519546660885577	0.0002784646535147761	7.033832695824138e-05
8.528976153592701	0.000275454969989708	7.02125185476632e-05
8.538405646299825	0.0002725884151564273	7.008704938726851e-05
8.547835139006946	0.00026985368258558573	6.996191825092701e-05
8.55726463171407	0.0002672405910004727	6.983712392005792e-05
8.566694124421193	0.0002647399525905758	6.97126651794111e-05
8.576123617128314	0.00026234345892217625	6.958854082061983e-05
8.585553109835438	0.00026004358181341836	6.946474964064642e-05
8.594982602542562	0.0002578334869820509	6.934129044111614e-05
8.604412095249685	0.0002557069586310856	6.921816203031561e-05
8.613841587956806	0.00025365833341139954	6.909536322030618e-05
8.62327108066393	0.00025168244246720484	6.89728928300326e-05
8.632700573371054	0.00024977456045216506	6.885074968288052e-05
8.642130066078177	0.0002479303605760208	6.872893260800872e-05
8.651559558785298	0.0002461458748859169	6.86074404390169e-05
8.660989051492422	0.0002444174590987558	6.84862720152779e-05
8.670418544199546	0.00024274176139793546	6.836542618238184e-05
8.679848036906666	0.00024111569469886796	6.824490178858333e-05
8.68927752961379	0.00023953641194496278	6.812469769013063e-05
8.698707022320914	0.00023800128406992194	6.80048127463806e-05
8.708136515028038	0.00023650788029727643	6.78852458222412e-05
8.717566007735158	0.00023505395050626987	6.776599578883769e-05
8.726995500442282	0.00023363740941739763	6.76470615204039e-05
8.736424993149406	0.00023225632238865757	6.752844189761298e-05
8.74585448585653	0.00023090889264132386	6.741013580557897e-05
8.75528397856365	0.0002295934497533736	6.72921421343009e-05
8.764713471270774	0.00022830843928045574	6.717445977955094e-05
8.774142963977898	0.00022705241338383253	6.705708764065399e-05
8.783572456685022	0.0002258240223538266	6.6940024622264e-05
8.793001949392142	0.00022462200693973422	6.682326963503016e-05
8.802431442099266	0.00022344519139694263	6.670682159293229e-05
8.81186093480639	0.00022229247718352774	6.659067941572339e-05
8.82129042751351	0.00022116283723327967	6.647484202670917e-05
8.830719920220634	0.00022005531076119134	6.635930835585668e-05
8.840149412927758	0.0002189689985334642	6.624407733557547e-05
8.849578905634882	0.00021790305857294356	6.612914790538049e-05
8.859008398342002	0.0002168567022504675	6.60145190076733e-05
8.868437891049126	0.0002158291907301546	6.590018958974042e-05
8.87786738375625	0.00021481983173998742	6.57861586044195e-05
8.887296876463374	0.00021382797663327402	6.567242500832293e-05
8.896726369170494	0.00021285301772522303	6.55589877629481e-05
8.906155861877618	0.0002118943858775424	6.54458458342333e-05
8.915585354584742	0.00021095154831241025	6.533299819255767e-05
8.925014847291862	0.00021002400664382748	6.522044381296332e-05
8.934444339998986	0.0002091112951081442	6.510818167515531e-05
8.94387383270611	0.00020821297898288016	6.499621076283546e-05
8.953303325413234	0.00020732865318517923	6.48845300645906e-05
8.962732818120354	0.0002064579410390177	6.477313857300437e-05
8.972162310827478	0.00020560049320716978	6.466203528554537e-05
8.981591803534602	0.00020475598678237894	6.455121920367901e-05
8.991021296241726	0.00020392412453418274	6.444068933286751e-05
9.000450788948847	0.00020310463431116865	6.433044468345805e-05
9.00988028165597	0.00020229726859799513	6.422048427023874e-05
9.019309774363094	0.00020150180423095243	6.411080711199446e-05
9.028739267070218	0.00020071804227850265	6.400141223128486e-05
9.038168759777339	0.00019994580808879725	6.38922986562207e-05
9.047598252484462	0.00019918495151749482	6.378346541691116e-05
9.057027745191586	0.00019843534735008994	6.367491155034877e-05
9.066457237898707	0.0001976968959269687	6.356663609530244e-05
9.07588673060583	0.0001969695240022773	6.345863809631425e-05
9.085316223312955	0.00019625318584459706	6.335091660125691e-05
9.094745716020078	0.0001955478646278319	6.324347066222202e-05
9.104175208727199	0.00019485357412651894	6.313629933529796e-05
9.113604701434323	0.00019417036077573613	6.302940168101401e-05
9.123034194141447	0.0001934983061335771	6.292277676411828e-05
9.13246368684857	0.00019283752981302804	6.281642365202345e-05
9.14189317955569	0.00019218819295674372	6.271034141747123e-05
9.151322672262815	0.00019155050233909954	6.260452913697812e-05
9.160752164969939	0.00019092471520565368	6.249898589061331e-05
9.170181657677059	0.0001903111449783612	6.239371076244282e-05
9.179611150384183	0.00018971016798374762	6.228870284097354e-05
9.189040643091307	0.00018912223139189166	6.218396121759895e-05
9.19847013579843	0.00018854786260225076	6.207948498881954e-05
9.207899628505551	0.00018798768036365487	6.197527325357832e-05
9.217329121212675	0.00018744240797485823	6.18713251159253e-05
9.226758613919799	0.0001869128890090721	6.176763968324117e-05
9.236188106626923	0.00018640010609605184	6.166421606668138e-05
9.245617599334043	0.00018590520344208272	6.156105338095408e-05
9.255047092041167	0.00018542951393474283	6.14581507445422e-05
9.26447658474829	0.0001849745918960366	6.135550728014749e-05
9.273906077455415	0.0001845422528432561	6.125312211402445e-05
9.283335570162535	0.00018413462198263453	6.115099437598026e-05
9.292765062869659	0.00018375419364402568	6.104912319937483e-05
9.302194555576783	0.00018340390451854205	6.094750772134283e-05
9.311624048283903	0.00018308722439730474	6.084614708257163e-05
9.321053540991027	0.00018280826925454186	6.074504042730133e-05
9.330483033698151	0.00018257194303838986	6.0644186904212916e-05
9.339912526405275	0.00018238411658977327	6.0543585664873945e-05
9.349342019112395	0.0001822518549134955	6.044323586351652e-05
9.35877151181952	0.0001821837078541666	6.034313665992386e-05
9.368201004526643	0.00018219008450692797	6.024328721565553e-05
9.377630497233767	0.0001822837389660048	6.014368669693404e-05
9.387059989940887	0.0001824804051280271	6.004433427264644e-05
9.396489482648011	0.00018279963226586204	5.994522911589861e-05
9.405918975355135	0.00018326589247741332	5.9846370402683036e-05
9.415348468062255	0.00018391005767992574	5.974775731298898e-05
9.42477796076938	0.00018477137949202138	5.964938902902617e-05
